Unnamed: 0,Unnamed: 1,Current LA code,Local authority,County,Region,Usual residents 1991,Usual residents 2001,Usual residents 2011,Percentage change in usual residents 2001,Percentage change in usual residents 2011,Population density (km2) 2001,Population density (km2) 2011,Sex ratio 2001,Sex ratio 2011,Median age 2001,Median age 2011,Percentage of population aged 0-4 2001,Percentage of population aged 0-4 2011,Percentage of population aged 0-14 2001,Percentage of population aged 0-14 2011,Percentage of population aged 15-64 2001,Percentage of population aged 15-64 2011,Percentage of population aged 65 and over 2001,Percentage of population aged 65 and over 2011,Percentage of population aged 90 and over 2001,Percentage of population aged 90 and over 2011,Short term residents 2011,"Short-term residents per 10,000 usual residents 2011",Households 2001,Households 2011,Percentage change in households 2011,Average household size (persons) 2011,Response rate 2001,Response rate 2011,Internet return rates 2011
133.0,00EB,E06000001,Hartlepool UA,Durham,North East,"91,100","90,200","92,028",-1.0,2.0,961.0,980,93.6,94.7,38.0,40.0,6.1,6.2,20.4,18.0,63.6,65.1,16.1,16.9,0.4,0.6,36,3.9,"38,000","40,434",6.4,2.3,97.1,93.9,14.2
181.0,00EC,E06000002,Middlesbrough UA,North Yorkshire,North East,"144,700","141,200","138,412",-2.4,-2.0,2621.0,"2,569",94.8,95.8,35.0,37.0,6.2,6.8,20.4,18.9,65.0,66.1,14.7,14.9,0.4,0.6,706,51.0,"57,000","57,203",0.4,2.4,96.4,92.7,14.4
223.0,00EE,E06000003,Redcar and Cleveland UA,North Yorkshire,North East,"145,900","139,200","135,177",-4.6,-2.9,568.0,552,93.2,94.4,39.0,43.0,5.4,5.6,19.0,16.6,64.2,64.0,16.7,19.4,0.5,0.7,17,1.3,"58,000","59,605",2.8,2.2,95.4,95.0,14.0
279.0,00EF,E06000004,Stockton-on-Tees UA,Durham,North East,"175,200","183,800","191,610",4.9,4.2,902.0,940,95.1,96.5,37.0,39.0,6.0,6.4,20.0,18.1,65.5,66.2,14.5,15.6,0.4,0.5,164,8.6,"75,000","79,159",5.5,2.4,97.0,94.2,16.1
80.0,00EH,E06000005,Darlington UA,Durham,North East,"99,300","97,900","105,564",-1.4,7.8,496.0,535,92.3,95.2,39.0,41.0,5.7,6.2,18.8,17.9,63.9,64.7,17.1,17.5,0.7,0.8,86,8.1,"42,000","46,670",11.1,2.2,97.6,94.1,13.8
74.0,00EJ,E06000047,County Durham UA,Durham,North East,"501,500","493,700","513,242",-1.6,4.0,222.0,231,94.6,95.9,39.0,42.0,5.3,5.6,17.8,16.0,65.6,66.0,16.5,18.0,0.6,0.7,869,16.9,"207,000","223,803",8.1,2.2,97.7,95.3,12.9
205.0,00EM,E06000048,Northumberland UA,Northumberland,North East,"305,500","307,400","316,028",0.6,2.8,61.0,63,95.4,95.2,41.0,45.0,5.1,5.1,17.5,15.8,64.9,64.1,17.6,20.0,0.6,0.9,65,2.1,"131,000","138,534",5.8,2.2,97.1,95.2,12.6
114.0,00CH,E08000020,Gateshead,Tyne and Wear,North East,"201,700","191,200","200,214",-5.2,4.7,1343.0,"1,406",93.7,95.8,39.0,40.0,5.6,5.9,18.0,16.5,64.6,65.9,17.4,17.6,0.6,0.7,196,9.8,"84,000","89,154",6.1,2.2,96.3,93.4,13.7
188.0,00CJ,E08000021,Newcastle upon Tyne,Tyne and Wear,North East,"275,000","266,200","280,177",-3.2,5.3,2346.0,"2,470",94.4,100.2,36.0,33.0,5.4,5.9,17.3,16.1,66.7,70.1,16.0,13.8,0.6,0.7,"3,097",110.5,"114,000","117,153",2.8,2.3,91.0,91.4,15.7
201.0,00CK,E08000022,North Tyneside,Tyne and Wear,North East,"194,600","192,000","200,801",-1.3,4.6,2330.0,"2,438",91.8,93.2,40.0,41.0,5.4,5.8,17.9,16.6,64.3,65.8,17.9,17.6,0.7,0.8,88,4.4,"85,000","91,295",7.4,2.2,95.7,95.2,15.3
267.0,00CL,E08000023,South Tyneside,Tyne and Wear,North East,"156,700","152,800","148,127",-2.5,-3.1,2373.0,"2,300",94.2,93.5,39.0,42.0,5.5,5.5,18.8,16.2,63.3,65.7,17.9,18.1,0.5,0.7,455,30.7,"66,000","67,167",1.8,2.2,95.1,94.5,13.6
284.0,00CM,E08000024,Sunderland,Tyne and Wear,North East,"295,900","284,600","275,506",-3.8,-3.2,2071.0,"2,004",94.5,94.6,37.0,41.0,5.3,5.6,18.5,16.3,66.0,66.7,15.5,17.0,0.5,0.6,852,30.9,"118,000","119,758",1.5,2.3,95.8,95.1,13.3
124.0,00ET,E06000006,Halton UA,Cheshire,North West,"124,800","118,600","125,746",-5.0,6.0,1499.0,"1,590",93.5,95.3,37.0,39.0,6.1,6.6,20.2,18.5,66.3,66.8,13.6,14.7,0.4,0.5,31,2.5,"48,000","53,312",11.1,2.3,96.6,93.0,16.9
316.0,00EU,E06000007,Warrington UA,Cheshire,North West,"184,700","191,200","202,228",3.5,5.8,1058.0,"1,119",96.7,98.4,37.0,40.0,6.1,6.1,19.5,17.9,66.4,66.2,14.2,15.9,0.5,0.6,224,11.1,"78,000","85,140",9.2,2.3,96.6,95.8,18.4
21.0,00EX,E06000008,Blackburn with Darwen UA,Lancashire,North West,"137,400","138,500","147,489",0.8,6.5,1011.0,"1,076",97.3,99.5,34.0,35.0,7.6,7.6,23.4,21.7,63.4,65.3,13.1,12.9,0.5,0.5,85,5.8,"53,000","57,353",8.2,2.5,95.2,93.2,17.2
22.0,00EY,E06000009,Blackpool UA,Lancashire,North West,"148,600","142,300","142,065",-4.2,-0.2,4074.0,"4,076",93.5,96.5,41.0,42.0,5.5,5.8,17.6,16.7,62.9,64.1,19.5,19.2,0.8,0.9,117,8.2,"64,000","64,367",0.6,2.1,94.3,94.9,14.2
60.0,00EQ,E06000049,Cheshire East UA,Cheshire,North West,"340,500","352,000","370,127",3.4,5.1,302.0,317,95.0,96.1,40.0,43.0,5.5,5.5,18.2,16.6,64.9,64.1,16.9,19.3,0.7,0.9,380,10.3,"147,000","159,441",8.5,2.3,97.2,96.2,16.5
61.0,00EW,E06000050,Chester,Cheshire,North West,"312,700","322,100","329,608",3.0,2.3,351.0,360,94.8,95.0,39.0,42.0,5.7,5.5,18.7,16.5,64.9,65.0,16.4,18.5,0.6,0.8,309,9.4,"133,000","141,442",6.3,2.3,96.0,96.3,15.8
2.0,16UB,E07000026,Allerdale,Cumbria,North West,"96,100","93,500","96,422",-2.7,3.1,75.0,78,95.0,96.6,41.0,45.0,5.0,5.1,17.4,15.7,64.4,63.6,18.3,20.8,0.7,0.9,93,9.6,"40,000","42,345",5.9,2.2,98.0,96.0,10.9
12.0,16UC,E07000027,Barrow-in-Furness,Cumbria,North West,"73,300","72,000","69,087",-1.8,-4.0,923.0,886,95.1,97.9,39.0,42.0,5.7,5.4,19.3,16.5,63.8,64.8,16.8,18.8,0.6,0.9,33,4.8,"31,000","31,224",0.7,2.2,94.6,95.2,14.2
51.0,16UD,E07000028,Carlisle,Cumbria,North West,"101,300","100,800","107,524",-0.5,6.7,97.0,103,93.8,95.3,40.0,42.0,5.2,5.6,17.6,16.1,64.5,65.4,18.0,18.5,0.7,0.8,129,12.0,"44,000","48,342",9.9,2.2,97.3,94.9,11.1
70.0,16UE,E07000029,Copeland,Cumbria,North West,"71,500","69,300","70,603",-3.1,1.9,95.0,96,99.1,101.0,39.0,44.0,5.3,5.2,18.3,15.8,65.1,65.3,16.6,18.9,0.6,0.7,26,3.7,"29,000","30,536",5.3,2.3,98.0,95.6,11.4
101.0,16UF,E07000030,Eden,Cumbria,North West,"45,800","49,900","52,564",9.0,5.3,23.0,25,97.2,98.1,42.0,46.0,5.2,4.5,16.8,15.1,64.3,63.0,18.6,21.9,0.8,0.9,22,4.2,"21,000","23,043",9.7,2.2,96.8,96.2,9.7
260.0,16UG,E07000031,South Lakeland,Cumbria,North West,"98,300","102,400","103,658",4.2,1.2,67.0,68,93.6,95.1,44.0,48.0,4.7,4.3,15.9,14.1,63.0,61.6,21.1,24.2,1.0,1.2,210,20.3,"44,000","46,552",5.8,2.2,96.5,96.3,11.7
42.0,30UD,E07000117,Burnley,Lancashire,North West,"92,000","89,500","87,059",-2.7,-2.7,809.0,787,94.1,96.7,37.0,39.0,6.3,6.7,21.2,18.4,64.0,65.3,15.3,16.2,0.7,0.8,17,2.0,"37,000","37,550",1.5,2.3,92.4,93.9,14.3
65.0,30UE,E07000118,Chorley,Lancashire,North West,"97,000","100,600","107,155",3.7,6.5,496.0,528,99.0,100.5,39.0,41.0,5.5,5.8,18.4,17.0,67.3,66.2,14.1,16.8,0.6,0.7,26,2.4,"41,000","44,919",9.6,2.3,96.7,95.5,16.0
113.0,30UF,E07000119,Fylde,Lancashire,North West,"71,900","73,300","75,757",1.9,3.4,443.0,457,92.4,94.4,44.0,47.0,4.9,4.8,16.4,14.8,60.7,61.0,22.9,24.2,1.1,1.2,94,12.4,"32,000","34,885",9.0,2.1,96.5,95.8,15.9
145.0,30UG,E07000120,Hyndburn,Lancashire,North West,"78,600","81,500","80,734",3.7,-0.9,1117.0,"1,106",95.4,98.1,36.0,39.0,6.6,6.7,21.3,19.2,63.4,65.0,15.2,15.9,0.6,0.6,23,2.8,"33,000","34,341",4.1,2.3,90.1,94.1,15.1
159.0,30UH,E07000121,Lancaster,Lancashire,North West,"129,600","134,000","138,375",3.4,3.3,233.0,240,91.8,93.4,38.0,40.0,5.4,5.2,17.5,15.5,64.8,66.2,17.9,18.3,0.9,0.9,957,69.2,"56,000","57,822",3.3,2.2,95.0,94.9,14.8
213.0,30UJ,E07000122,Pendle,Lancashire,North West,"85,500","89,300","89,452",4.4,0.2,527.0,528,95.2,96.9,37.0,39.0,6.6,7.1,21.1,19.2,63.4,64.7,15.3,16.0,0.7,0.7,57,6.4,"36,000","37,348",3.7,2.4,89.8,93.9,14.5
219.0,30UK,E07000123,Preston,Lancashire,North West,"130,000","130,400","140,202",0.3,7.5,916.0,985,96.1,100.5,35.0,35.0,6.0,6.6,19.3,18.0,66.0,68.3,14.5,13.7,0.5,0.6,"1,735",123.8,"53,000","57,567",8.6,2.3,91.7,93.6,17.6
227.0,30UL,E07000124,Ribble Valley,Lancashire,North West,"51,800","54,100","57,132",4.4,5.6,93.0,98,95.7,95.9,41.0,44.0,5.5,5.0,18.5,17.1,64.3,62.7,17.2,20.2,0.7,0.9,73,12.8,"22,000","24,045",9.3,2.3,98.2,95.6,12.6
232.0,30UM,E07000125,Rossendale,Lancashire,North West,"65,800","65,600","67,982",-0.3,3.6,475.0,492,95.0,96.4,37.0,40.0,6.1,6.4,20.9,18.1,64.6,66.4,14.3,15.5,0.5,0.6,14,2.1,"27,000","29,058",7.6,2.3,96.6,94.7,15.6
264.0,30UN,E07000126,South Ribble,Lancashire,North West,"102,600","103,900","109,057",1.3,5.0,920.0,965,95.1,95.7,39.0,42.0,5.5,5.8,18.9,17.0,65.6,65.2,15.6,17.8,0.6,0.7,63,5.8,"43,000","46,102",7.2,2.3,97.5,96.3,16.3
327.0,30UP,E07000127,West Lancashire,Lancashire,North West,"109,100","108,500","110,685",-0.5,2.0,313.0,319,93.1,94.7,39.0,42.0,5.6,5.4,18.9,16.8,65.3,64.3,15.7,18.9,0.6,0.7,150,13.6,"44,000","45,381",3.1,2.4,96.7,96.1,15.0
346.0,30UQ,E07000128,Wyre,Lancashire,North West,"102,500","105,800","107,749",3.2,1.8,374.0,381,90.6,94.1,43.0,47.0,5.0,4.7,17.5,14.8,60.4,60.4,22.1,24.7,0.9,1.1,171,15.9,"45,000","47,281",5.1,2.2,95.5,96.0,13.0
25.0,00BL,E08000001,Bolton,Greater Manchester,North West,"261,300","261,300","276,786",0.0,5.9,1869.0,"1,980",94.9,97.5,37.0,38.0,6.4,6.8,20.3,19.3,64.8,65.3,14.9,15.4,0.6,0.6,331,12.0,"108,000","116,371",7.8,2.4,94.5,93.6,16.0
43.0,00BM,E08000002,Bury,Greater Manchester,North West,"178,300","180,700","185,060",1.3,2.4,1816.0,"1,860",94.9,95.9,37.0,40.0,6.1,6.6,20.1,18.8,65.2,65.3,14.8,16.0,0.6,0.7,128,6.9,"74,000","78,113",5.6,2.3,94.7,94.4,16.2
171.0,00BN,E08000003,Manchester,Greater Manchester,North West,"432,700","422,900","503,127",-2.3,19.0,3658.0,"4,351",98.2,100.8,31.0,29.0,6.1,7.2,19.2,18.2,67.7,72.3,13.1,9.4,0.5,0.4,"5,506",109.4,"179,000","204,969",14.5,2.3,91.2,88.6,20.5
210.0,00BP,E08000004,Oldham,Greater Manchester,North West,"218,500","218,500","224,897",0.0,2.9,1535.0,"1,580",94.7,96.0,36.0,37.0,7.0,7.3,21.4,21.0,64.4,64.3,14.2,14.7,0.5,0.6,207,9.2,"88,000","89,703",1.9,2.5,92.8,92.1,16.1
230.0,00BQ,E08000005,Rochdale,Greater Manchester,North West,"203,900","206,400","211,699",1.2,2.6,1306.0,"1,339",95.5,95.9,36.0,38.0,6.6,7.0,21.3,19.8,64.6,65.7,14.2,14.6,0.5,0.6,144,6.8,"84,000","87,552",4.2,2.4,93.4,93.4,14.4
241.0,00BR,E08000006,Salford,Greater Manchester,North West,"230,800","217,000","233,933",-6.0,7.8,2233.0,"2,407",97.6,99.7,36.0,35.0,5.8,6.9,18.9,18.1,65.0,67.8,16.1,14.2,0.6,0.6,"1,115",47.7,"94,000","103,556",10.2,2.2,91.0,92.8,17.7
278.0,00BS,E08000007,Stockport,Greater Manchester,North West,"288,600","284,600","283,275",-1.4,-0.5,2258.0,"2,247",93.2,95.5,39.0,41.0,5.8,6.1,19.0,17.6,64.5,64.4,16.6,18.0,0.7,0.8,213,7.5,"121,000","121,979",0.8,2.3,95.5,95.8,16.0
290.0,00BT,E08000008,Tameside,Greater Manchester,North West,"218,000","213,100","219,324",-2.2,2.9,2065.0,"2,126",94.3,96.4,37.0,39.0,6.0,6.6,19.9,18.2,65.1,66.2,14.9,15.6,0.6,0.6,69,3.1,"90,000","94,953",5.5,2.3,96.3,95.7,16.4
308.0,00BU,E08000009,Trafford,Greater Manchester,North West,"215,800","210,200","226,578",-2.6,7.8,1982.0,"2,137",94.6,96.0,38.0,39.0,5.7,6.6,18.7,19.0,65.0,65.0,16.2,16.0,0.6,0.7,304,13.4,"89,000","94,484",6.2,2.4,95.1,93.1,16.9
333.0,00BW,E08000010,Wigan,Greater Manchester,North West,"305,600","301,500","317,849",-1.3,5.4,1602.0,"1,689",96.3,98.8,37.0,40.0,5.8,6.2,19.1,17.6,66.4,66.1,14.4,16.2,0.4,0.5,95,3.0,"125,000","136,386",9.1,2.3,97.1,94.3,15.0
157.0,00BX,E08000011,Knowsley,Merseyside,North West,"155,100","151,200","145,893",-2.5,-3.5,1749.0,"1,687",90.6,90.6,36.0,40.0,6.2,6.3,21.1,18.3,64.1,66.0,14.7,15.8,0.3,0.5,21,1.4,"61,000","61,323",0.5,2.4,90.1,92.7,14.6
166.0,00BY,E08000012,Liverpool,Merseyside,North West,"475,600","441,900","466,415",-7.1,5.5,3952.0,"4,170",92.6,97.7,35.0,35.0,5.6,5.6,18.5,15.6,66.3,70.4,15.2,14.0,0.5,0.5,"2,491",53.4,"188,000","206,515",9.8,2.2,88.7,88.5,16.6
274.0,00BZ,E08000013,St. Helens,Merseyside,North West,"180,100","176,800","175,308",-1.8,-0.8,1296.0,"1,285",94.1,96.6,38.0,41.0,5.7,5.9,19.4,17.0,65.0,65.1,15.6,17.9,0.5,0.6,78,4.4,"73,000","75,736",3.7,2.3,94.4,95.3,14.9
245.0,00CA,E08000014,Sefton,Merseyside,North West,"292,900","282,900","273,790",-3.4,-3.2,1848.0,"1,788",89.3,92.1,40.0,44.0,5.2,5.3,18.8,16.1,62.2,63.1,18.9,20.8,0.8,0.9,120,4.4,"117,000","117,930",0.8,2.3,92.7,93.7,14.0
337.0,00CB,E08000015,Wirral,Merseyside,North West,"334,300","315,000","319,783",-5.8,1.5,2006.0,"2,036",89.6,92.7,40.0,42.0,5.6,5.8,19.2,17.3,62.7,63.7,18.1,19.1,0.7,0.9,123,3.8,"135,000","140,583",4.1,2.3,94.9,93.8,15.2
154.0,00FA,E06000010,"Kingston upon Hull, City of UA",East Riding of Yorkshire,Yorkshire and the Humber,"263,300","249,900","256,406",-5.1,2.6,3498.0,"3,589",98.1,100.3,35.0,36.0,5.9,6.8,19.8,17.7,65.1,68.4,15.1,13.9,0.5,0.6,"1,069",41.7,"107,000","112,596",5.2,2.2,94.4,92.9,13.0
97.0,00FB,E06000011,East Riding of Yorkshire UA,East Riding of Yorkshire,Yorkshire and the Humber,"294,400","314,900","334,179",7.0,6.1,131.0,139,95.0,95.7,42.0,45.0,5.1,4.9,17.5,15.5,64.0,63.2,18.5,21.4,0.8,0.9,201,6.0,"131,000","143,032",9.2,2.3,98.1,96.1,11.6
195.0,00FC,E06000012,North East Lincolnshire UA,Lincolnshire,Yorkshire and the Humber,"161,000","158,000","159,616",-1.9,1.0,824.0,832,94.3,96.2,38.0,41.0,6.1,6.3,20.6,17.7,62.8,64.6,16.5,17.7,0.6,0.8,161,10.1,"66,000","69,707",5.6,2.3,96.8,92.9,13.8
198.0,00FD,E06000013,North Lincolnshire UA,Lincolnshire,Yorkshire and the Humber,"152,900","153,000","167,446",0.1,9.4,181.0,198,95.7,97.4,40.0,42.0,5.6,6.1,18.8,17.4,64.4,64.6,16.9,17.9,0.6,0.7,207,12.4,"64,000","70,684",10.4,2.3,97.5,93.6,13.4
348.0,00FF,E06000014,York UA,North Yorkshire,Yorkshire and the Humber,"172,300","181,300","198,051",5.2,9.2,667.0,728,92.7,94.6,38.0,38.0,5.1,5.4,16.3,15.0,66.7,68.1,16.9,16.9,0.7,0.8,"1,469",74.2,"77,000","83,552",8.5,2.3,96.9,93.9,14.8
76.0,36UB,E07000163,Craven,North Yorkshire,Yorkshire and the Humber,"50,300","53,700","55,409",6.8,3.2,46.0,47,92.5,93.4,43.0,47.0,5.0,4.6,17.5,15.4,62.0,61.8,20.3,22.8,0.9,1.2,59,10.6,"23,000","24,583",6.9,2.2,96.7,96.6,12.6
125.0,36UC,E07000164,Hambleton,North Yorkshire,Yorkshire and the Humber,"79,200","84,200","89,140",6.3,5.9,64.0,68,97.2,97.4,42.0,46.0,5.2,4.9,17.9,15.7,64.6,62.7,17.6,21.6,0.7,0.9,60,6.7,"35,000","38,117",8.9,2.3,98.4,96.2,11.9
130.0,36UD,E07000165,Harrogate,North Yorkshire,Yorkshire and the Humber,"140,200","151,500","157,869",8.1,4.2,116.0,121,93.7,95.3,40.0,43.0,5.3,5.5,18.0,17.0,64.6,63.4,17.4,19.6,0.9,1.1,343,21.7,"63,000","67,169",6.6,2.3,96.8,95.4,15.1
229.0,36UE,E07000166,Richmondshire,North Yorkshire,Yorkshire and the Humber,"45,300","47,100","51,965",4.0,10.3,36.0,39,106.6,111.6,37.0,40.0,6.2,5.6,18.5,16.7,66.0,65.9,15.3,17.5,0.6,0.7,57,11.0,"18,000","20,207",12.3,2.3,97.3,95.6,12.7
240.0,36UF,E07000167,Ryedale,North Yorkshire,Yorkshire and the Humber,"46,200","50,900","51,751",10.2,1.7,34.0,34,98.1,96.5,44.0,47.0,4.7,4.6,17.1,15.2,62.7,61.5,20.6,23.3,1.0,1.0,75,14.5,"21,000","22,524",7.3,2.2,96.7,97.3,10.3
243.0,36UG,E07000168,Scarborough,North Yorkshire,Yorkshire and the Humber,"108,700","106,200","108,793",-2.3,2.4,130.0,133,90.2,93.5,43.0,46.0,4.7,4.9,16.9,14.8,61.6,61.9,21.4,23.3,1.0,1.1,179,16.5,"47,000","49,435",5.2,2.2,97.0,95.3,11.5
246.0,36UH,E07000169,Selby,North Yorkshire,Yorkshire and the Humber,"71,800","76,600","83,449",6.7,8.9,128.0,139,95.9,96.3,39.0,42.0,5.6,5.8,19.6,17.1,65.7,66.1,14.8,16.8,0.5,0.7,90,10.8,"31,000","34,559",11.5,2.4,99.1,96.3,15.3
11.0,00CC,E08000016,Barnsley,South Yorkshire,Yorkshire and the Humber,"223,200","218,100","231,221",-2.3,6.0,663.0,703,94.8,96.6,38.0,41.0,5.7,6.0,19.1,17.3,64.8,65.4,16.1,17.3,0.6,0.6,132,5.7,"92,000","100,734",9.5,2.3,98.0,95.5,12.7
86.0,00CE,E08000017,Doncaster,South Yorkshire,Yorkshire and the Humber,"291,700","286,900","302,402",-1.6,5.4,505.0,532,95.4,97.4,38.0,40.0,5.9,6.4,19.4,17.8,64.1,65.3,16.4,16.9,0.5,0.7,323,10.7,"119,000","126,487",6.3,2.3,96.3,92.7,13.1
234.0,00CF,E08000018,Rotherham,South Yorkshire,Yorkshire and the Humber,"253,700","248,300","257,280",-2.1,3.6,867.0,898,94.7,96.3,38.0,41.0,6.0,6.1,19.7,17.9,64.8,64.7,15.6,17.4,0.5,0.7,161,6.3,"102,000","108,293",6.2,2.4,97.8,95.5,13.8
248.0,00CG,E08000019,Sheffield,South Yorkshire,Yorkshire and the Humber,"520,100","513,100","552,698",-1.3,7.7,1395.0,"1,502",95.5,97.4,37.0,36.0,5.7,6.1,17.9,17.1,65.7,67.4,16.4,15.5,0.7,0.8,"3,396",61.4,"218,000","229,928",5.5,2.3,94.3,90.7,15.5
29.0,00CX,E08000032,Bradford,West Yorkshire,Yorkshire and the Humber,"468,800","470,800","522,452",0.4,11.0,1285.0,"1,426",94.1,96.9,35.0,34.0,7.1,7.9,21.8,22.0,63.9,64.7,14.4,13.3,0.6,0.6,"1,335",25.6,"181,000","199,296",10.1,2.6,94.6,91.8,16.7
45.0,00CY,E08000033,Calderdale,West Yorkshire,Yorkshire and the Humber,"192,900","192,400","203,826",-0.3,5.9,529.0,560,93.6,95.6,38.0,40.0,6.2,6.3,20.0,18.4,64.4,65.7,15.6,15.9,0.6,0.7,141,6.9,"81,000","88,621",9.4,2.3,93.7,93.2,15.3
156.0,00CZ,E08000034,Kirklees,West Yorkshire,Yorkshire and the Humber,"379,000","389,000","422,458",2.6,8.6,952.0,"1,034",94.6,97.6,36.0,38.0,6.6,6.7,20.3,19.1,65.1,65.8,14.7,15.2,0.6,0.6,591,14.0,"159,000","173,525",9.1,2.4,95.1,92.5,15.8
160.0,00DA,E08000035,Leeds,West Yorkshire,Yorkshire and the Humber,"706,700","715,600","751,485",1.3,5.0,1297.0,"1,362",93.6,95.9,36.0,35.0,5.7,6.4,18.7,17.1,66.0,68.3,15.3,14.6,0.6,0.7,"3,761",50.0,"302,000","320,596",6.2,2.3,91.9,93.7,16.8
312.0,00DB,E08000036,Wakefield,West Yorkshire,Yorkshire and the Humber,"314,300","315,400","325,837",0.3,3.3,931.0,962,94.6,96.4,38.0,41.0,5.7,6.0,19.1,17.2,65.4,65.9,15.4,16.9,0.5,0.7,212,6.5,"132,000","140,414",6.4,2.3,96.4,95.4,15.0
84.0,00FK,E06000015,Derby UA,Derbyshire,East Midlands,"222,900","230,700","248,752",3.5,7.8,2956.0,"3,188",96.8,97.9,36.0,36.0,6.2,7.1,19.5,19.1,64.4,65.7,16.0,15.1,0.6,0.7,678,27.3,"95,000","102,271",7.7,2.4,96.1,92.3,16.7
161.0,00FN,E06000016,Leicester UA,Leicestershire,East Midlands,"281,500","282,800","329,839",0.5,16.6,3857.0,"4,497",94.9,97.6,33.0,31.0,6.8,7.4,20.6,19.8,66.1,68.9,13.4,11.3,0.6,0.5,"2,297",69.6,"111,000","123,125",10.9,2.6,91.9,92.1,19.6
239.0,00FP,E06000017,Rutland UA,Rutland,East Midlands,"33,000","34,600","37,369",4.8,8.0,91.0,98,106.0,102.5,40.0,43.0,4.9,5.0,17.3,16.2,65.6,62.8,17.1,21.0,0.9,1.0,46,12.3,"14,000","15,002",7.2,2.3,97.3,95.7,12.7
207.0,00FY,E06000018,Nottingham UA,Nottinghamshire,East Midlands,"279,400","268,900","305,680",-3.8,13.7,3603.0,"4,097",100.1,101.2,32.0,30.0,5.7,6.5,18.4,17.1,67.3,71.3,14.3,11.6,0.5,0.5,"3,916",128.1,"116,000","126,131",8.7,2.3,90.4,89.6,18.5
3.0,17UB,E07000032,Amber Valley,Derbyshire,East Midlands,"112,200","116,600","122,309",3.9,4.9,439.0,461,96.0,96.9,40.0,43.0,5.6,5.2,18.3,16.3,64.8,65.0,16.8,18.6,0.7,0.9,33,2.7,"49,000","52,596",7.3,2.3,98.1,96.1,12.8
24.0,17UC,E07000033,Bolsover,Derbyshire,East Midlands,"71,000","71,900","75,866",1.3,5.5,448.0,473,96.4,97.2,39.0,42.0,5.6,5.6,18.5,16.7,64.0,65.1,17.4,18.2,0.6,0.8,17,2.2,"30,000","32,801",9.3,2.3,98.7,95.9,13.2
62.0,17UD,E07000034,Chesterfield,Derbyshire,East Midlands,"99,700","98,800","103,788",-0.9,5.0,1496.0,"1,572",95.3,96.2,40.0,42.0,5.5,5.6,18.0,16.3,64.4,65.1,17.7,18.6,0.6,0.8,32,3.1,"43,000","46,796",8.8,2.2,98.1,95.9,13.9
85.0,17UF,E07000035,Derbyshire Dales,Derbyshire,East Midlands,"67,900","69,400","71,116",2.2,2.5,88.0,90,97.2,97.3,43.0,47.0,5.0,4.3,17.1,15.4,64.3,62.4,19.0,22.3,0.9,1.1,45,6.3,"29,000","30,744",6.0,2.3,97.9,96.2,11.8
106.0,17UG,E07000036,Erewash,Derbyshire,East Midlands,"106,700","110,100","112,081",3.2,1.8,1004.0,"1,022",95.9,96.1,38.0,41.0,5.7,5.8,19.2,16.6,64.9,65.5,15.8,17.8,0.6,0.8,45,4.0,"46,000","48,692",5.9,2.3,96.3,96.0,15.7
139.0,17UH,E07000037,High Peak,Derbyshire,East Midlands,"85,500","89,400","90,892",4.6,1.7,166.0,169,97.8,97.1,39.0,43.0,5.9,5.5,19.2,16.9,65.1,65.9,15.4,17.2,0.7,0.8,45,5.0,"37,000","38,946",5.3,2.3,93.5,96.0,15.6
194.0,17UJ,E07000038,North East Derbyshire,Derbyshire,East Midlands,"97,800","96,900","99,023",-0.9,2.2,352.0,359,96.2,96.2,42.0,45.0,4.9,4.8,17.2,15.2,64.9,63.6,17.9,21.1,0.5,0.9,32,3.2,"41,000","43,070",5.0,2.3,98.6,96.2,12.9
255.0,17UK,E07000039,South Derbyshire,Derbyshire,East Midlands,"72,700","81,700","94,611",12.4,15.8,242.0,280,98.3,98.6,38.0,40.0,6.1,6.1,19.2,18.4,66.2,66.1,14.6,15.5,0.5,0.6,59,6.2,"33,000","38,992",18.2,2.4,96.3,96.0,15.6
20.0,31UB,E07000129,Blaby,Leicestershire,East Midlands,"83,000","90,400","93,915",8.9,3.9,693.0,720,98.7,96.9,38.0,42.0,5.8,5.8,18.7,17.4,66.0,64.6,15.4,18.0,0.6,0.7,36,3.8,"36,000","38,686",7.5,2.4,97.3,96.3,16.5
56.0,31UC,E07000130,Charnwood,Leicestershire,East Midlands,"146,600","153,600","166,100",4.8,8.1,550.0,595,99.0,99.7,37.0,39.0,5.3,5.5,17.8,15.8,67.3,67.7,14.9,16.4,0.6,0.8,683,41.1,"61,000","66,516",9.0,2.4,97.0,96.2,17.3
127.0,31UD,E07000131,Harborough,Leicestershire,East Midlands,"67,900","76,800","85,382",13.1,11.2,130.0,144,98.4,98.4,40.0,43.0,6.0,5.5,19.0,17.8,65.6,63.9,15.8,18.3,0.7,0.8,62,7.3,"31,000","34,898",12.6,2.4,97.6,96.0,15.5
141.0,31UE,E07000132,Hinckley and Bosworth,Leicestershire,East Midlands,"96,700","100,200","105,078",3.6,4.9,337.0,353,96.5,96.9,40.0,43.0,5.6,5.5,17.9,16.5,66.0,65.1,16.1,18.4,0.6,0.7,91,8.7,"41,000","45,377",10.7,2.3,96.6,96.3,15.3
174.0,31UG,E07000133,Melton,Leicestershire,East Midlands,"45,300","47,900","50,376",5.7,5.2,100.0,105,97.1,96.3,40.0,43.0,5.6,5.5,18.6,16.9,65.3,64.7,16.1,18.4,0.6,0.8,22,4.4,"20,000","21,490",7.5,2.3,96.4,96.2,14.3
203.0,31UH,E07000134,North West Leicestershire,Leicestershire,East Midlands,"81,000","85,700","93,468",5.8,9.1,307.0,335,97.5,98.3,39.0,42.0,5.8,5.9,18.4,17.7,65.5,64.9,16.0,17.4,0.5,0.7,35,3.7,"36,000","39,128",8.7,2.4,98.2,96.3,16.0
209.0,31UJ,E07000135,Oadby and Wigston,Leicestershire,East Midlands,"52,900","55,800","56,170",5.5,0.7,2370.0,"2,388",95.1,93.7,39.0,41.0,5.2,5.1,18.5,16.1,64.5,64.5,17.4,19.4,0.7,0.9,100,17.8,"22,000","21,339",-3.0,2.5,95.9,96.1,15.5
26.0,32UB,E07000136,Boston,Lincolnshire,East Midlands,"53,300","55,800","64,637",4.7,15.8,154.0,179,96.5,95.3,42.0,42.0,5.4,5.9,17.6,16.4,63.1,63.9,19.9,19.7,0.9,0.8,290,44.9,"24,000","27,291",13.7,2.3,97.1,96.7,10.5
95.0,32UC,E07000137,East Lindsey,Lincolnshire,East Midlands,"117,700","130,700","136,401",11.0,4.4,74.0,77,96.4,94.9,45.0,49.0,4.7,4.5,16.4,14.2,61.2,59.8,22.3,26.0,0.8,1.0,105,7.7,"56,000","60,890",8.7,2.2,96.0,97.1,11.0
165.0,32UD,E07000138,Lincoln,Lincolnshire,East Midlands,"84,000","85,600","93,541",1.9,9.3,2398.0,"2,621",95.0,95.8,35.0,34.0,5.8,5.9,18.7,15.4,65.9,70.4,15.4,14.2,0.6,0.8,362,38.7,"37,000","39,825",7.6,2.2,93.6,96.6,16.1
197.0,32UE,E07000139,North Kesteven,Lincolnshire,East Midlands,"80,000","94,400","107,766",18.0,14.2,102.0,117,95.9,95.4,41.0,44.0,5.4,5.1,18.2,16.4,63.5,62.7,18.2,20.9,0.6,0.9,307,28.5,"39,000","45,972",17.9,2.3,97.8,96.7,15.2
258.0,32UF,E07000140,South Holland,Lincolnshire,East Midlands,"67,500","76,700","88,270",13.6,15.1,103.0,119,95.7,95.5,44.0,45.0,5.0,5.1,16.8,15.6,61.7,62.1,21.6,22.3,0.8,1.0,185,21.0,"33,000","37,264",12.9,2.3,97.0,96.8,12.9
259.0,32UG,E07000141,South Kesteven,Lincolnshire,East Midlands,"109,500","124,900","133,788",14.1,7.1,133.0,142,95.9,93.5,39.0,43.0,5.6,5.6,19.2,17.1,64.5,63.8,16.6,19.1,0.6,0.9,84,6.3,"52,000","57,344",10.3,2.3,95.6,96.8,14.2
328.0,32UH,E07000142,West Lindsey,Lincolnshire,East Midlands,"76,500","79,600","89,250",4.1,12.1,69.0,77,96.1,95.0,42.0,45.0,5.0,4.9,18.3,16.0,63.7,63.1,18.5,20.9,0.6,0.9,21,2.4,"33,000","38,385",16.3,2.3,98.3,96.9,13.7
71.0,34UB,E07000150,Corby,Northamptonshire,East Midlands,"53,300","53,400","61,255",0.2,14.7,665.0,763,95.6,96.9,37.0,37.0,6.2,7.4,21.0,19.4,65.2,67.0,13.9,13.6,0.4,0.4,65,10.6,"22,000","25,215",14.6,2.4,95.8,94.0,18.8
82.0,34UC,E07000151,Daventry,Northamptonshire,East Midlands,"62,800","72,000","77,843",14.6,8.1,109.0,117,100.3,99.9,38.0,43.0,6.0,5.6,20.1,17.7,66.4,65.4,13.6,16.9,0.4,0.7,54,6.9,"29,000","31,647",9.1,2.4,98.4,96.7,16.7
96.0,34UD,E07000152,East Northamptonshire,Northamptonshire,East Midlands,"68,300","76,800","86,765",12.4,13.0,151.0,170,98.2,98.5,38.0,42.0,6.3,6.0,19.8,18.4,65.2,64.8,14.7,16.8,0.7,0.8,115,13.3,"31,000","35,662",15.0,2.4,98.1,96.8,16.6
152.0,34UE,E07000153,Kettering,Northamptonshire,East Midlands,"76,600","82,300","93,475",7.4,13.6,352.0,400,96.4,96.5,38.0,40.0,6.0,6.7,19.3,18.7,65.0,65.2,15.6,16.0,0.7,0.8,85,9.1,"34,000","39,701",16.8,2.3,98.0,96.0,17.0
204.0,34UF,E07000154,Northampton,Northamptonshire,East Midlands,"184,000","194,400","212,069",5.7,9.1,2407.0,"2,626",96.4,96.5,35.0,36.0,6.3,7.5,19.5,19.1,66.8,67.6,13.6,13.3,0.6,0.7,530,25.0,"81,000","88,731",9.5,2.3,93.7,94.2,18.8
262.0,34UG,E07000155,South Northamptonshire,Northamptonshire,East Midlands,"70,700","79,500","85,189",12.4,7.2,125.0,134,99.2,97.7,39.0,43.0,6.0,5.6,19.9,18.2,66.2,64.9,14.0,16.9,0.6,0.7,46,5.4,"32,000","34,717",8.5,2.4,95.9,97.8,16.7
322.0,34UH,E07000156,Wellingborough,Northamptonshire,East Midlands,"68,300","72,500","75,356",6.1,3.9,445.0,462,98.4,96.9,37.0,40.0,6.2,6.7,19.9,18.7,65.4,64.9,14.8,16.4,0.6,0.7,83,11.0,"30,000","32,057",6.9,2.3,94.6,95.5,17.0
5.0,37UB,E07000170,Ashfield,Nottinghamshire,East Midlands,"108,900","111,500","119,497",2.4,7.2,1018.0,"1,091",95.3,96.4,38.0,41.0,5.7,6.2,18.8,17.8,65.4,65.3,15.7,16.9,0.5,0.7,41,3.4,"47,000","50,931",8.4,2.3,96.7,95.1,15.3
15.0,37UC,E07000171,Bassetlaw,Nottinghamshire,East Midlands,"104,800","107,800","112,863",2.9,4.7,169.0,177,97.6,98.6,39.0,43.0,5.6,5.4,18.6,16.6,65.3,64.8,16.2,18.6,0.6,0.7,51,4.5,"45,000","47,667",5.9,2.3,97.4,95.6,13.4
41.0,37UD,E07000172,Broxtowe,Nottinghamshire,East Midlands,"108,200","107,500","109,487",-0.6,1.8,1342.0,"1,367",96.9,97.7,39.0,42.0,5.1,5.6,17.6,15.8,66.1,65.8,16.4,18.4,0.6,0.8,340,31.1,"45,000","46,820",4.0,2.3,97.9,94.7,16.6
115.0,37UE,E07000173,Gedling,Nottinghamshire,East Midlands,"110,500","111,800","113,543",1.2,1.6,932.0,946,94.4,95.1,40.0,42.0,5.3,5.7,17.8,16.7,65.3,64.7,17.0,18.5,0.7,0.7,26,2.3,"48,000","49,349",2.8,2.3,95.9,94.6,15.7
172.0,37UF,E07000174,Mansfield,Nottinghamshire,East Midlands,"101,000","98,100","104,466",-2.9,6.5,1279.0,"1,362",94.6,96.5,38.0,41.0,5.5,6.1,19.3,17.0,64.3,65.9,16.3,17.2,0.5,0.7,52,5.0,"41,000","44,928",9.6,2.3,98.1,95.3,14.8
187.0,37UG,E07000175,Newark and Sherwood,Nottinghamshire,East Midlands,"103,100","106,400","114,817",3.2,7.9,163.0,176,95.2,97.1,40.0,43.0,5.5,5.5,18.7,16.9,63.9,64.1,17.3,19.0,0.7,0.8,45,3.9,"45,000","48,773",8.4,2.3,96.6,96.3,14.3
237.0,37UJ,E07000176,Rushcliffe,Nottinghamshire,East Midlands,"98,500","105,800","111,129",7.4,5.0,259.0,272,96.3,96.9,39.0,42.0,5.6,5.8,18.2,17.3,65.5,64.3,16.3,18.4,0.8,0.8,84,7.6,"44,000","45,835",4.2,2.4,96.9,95.6,17.1
137.0,00GA,E06000019,"Herefordshire, County of UA",Hereforshire,West Midlands,"160,400","174,900","183,477",9.0,4.9,80.0,84,95.4,96.9,42.0,44.0,5.4,5.2,18.1,15.9,62.6,62.8,19.3,21.3,0.7,1.0,"1,289",70.3,"74,000","78,319",5.8,2.3,94.4,94.2,11.7
295.0,00GF,E06000020,Telford and Wrekin UA,Shropshire,West Midlands,"141,300","158,600","166,641",12.2,5.1,546.0,574,96.8,98.2,36.0,38.0,6.6,6.8,20.8,19.2,66.6,66.4,12.4,14.5,0.4,0.5,182,10.9,"64,000","66,608",4.1,2.5,94.2,92.9,16.3
280.0,00GL,E06000021,Stoke-on-Trent UA,Staffordshire,West Midlands,"249,400","240,400","249,008",-3.6,3.6,2572.0,"2,665",94.9,99.2,37.0,38.0,5.7,6.9,18.6,18.3,65.1,66.1,16.3,15.6,0.5,0.6,429,17.2,"103,000","107,575",4.4,2.3,95.5,93.7,15.3
250.0,00GG,E06000051,Shropshire UA,Shropshire,West Midlands,"268,700","283,300","306,129",5.4,8.1,89.0,96,98.0,98.1,41.0,44.0,5.4,5.1,17.8,16.1,64.1,63.2,18.1,20.7,0.7,0.9,431,14.1,"117,000","129,674",10.8,2.3,97.8,94.2,11.9
48.0,41UB,E07000192,Cannock Chase,Staffordshire,West Midlands,"89,300","92,200","97,462",3.2,5.7,1169.0,"1,236",97.0,97.5,37.0,40.0,6.2,6.0,19.6,17.6,66.5,66.4,13.8,16.1,0.4,0.6,68,7.0,"37,000","40,664",9.9,2.4,98.0,95.4,14.5
98.0,41UC,E07000193,East Staffordshire,Staffordshire,West Midlands,"97,900","103,900","113,583",6.1,9.3,268.0,294,94.9,98.6,38.0,40.0,6.2,6.2,19.9,17.8,64.4,65.3,15.6,16.8,0.6,0.7,186,16.4,"43,000","47,251",9.9,2.4,95.9,95.4,15.6
164.0,41UD,E07000194,Lichfield,Staffordshire,West Midlands,"93,100","93,200","100,654",0.1,8.0,281.0,304,96.6,98.4,41.0,44.0,5.4,5.3,18.0,16.3,66.4,63.6,15.6,20.1,0.6,0.8,78,7.7,"38,000","41,224",8.5,2.4,97.8,95.9,15.9
189.0,41UE,E07000195,Newcastle-under-Lyme,Staffordshire,West Midlands,"120,800","122,000","123,871",1.0,1.5,578.0,587,94.3,97.7,39.0,41.0,5.2,5.1,17.4,15.9,65.7,66.0,17.0,18.2,0.6,0.7,356,28.7,"51,000","52,574",3.1,2.3,97.1,94.4,14.7
266.0,41UF,E07000196,South Staffordshire,Staffordshire,West Midlands,"104,600","105,900","108,131",1.2,2.1,260.0,265,97.4,97.0,41.0,45.0,5.0,4.5,17.8,15.1,66.3,64.1,16.1,20.8,0.6,0.8,44,4.1,"42,000","44,458",5.9,2.4,97.7,95.5,13.8
275.0,41UG,E07000197,Stafford,Staffordshire,West Midlands,"119,500","120,700","130,869",1.0,8.4,202.0,219,98.2,100.4,40.0,43.0,5.0,5.4,17.1,15.9,65.9,64.8,16.9,19.3,0.7,0.9,347,26.5,"50,000","55,703",11.4,2.3,98.2,94.8,16.8
276.0,41UH,E07000198,Staffordshire Moorlands,Staffordshire,West Midlands,"95,700","94,600","97,106",-1.1,2.6,164.0,169,96.9,96.9,41.0,45.0,5.1,4.8,17.0,15.3,65.5,63.7,17.4,21.0,0.5,0.9,16,1.6,"39,000","41,772",7.1,2.3,98.6,95.3,12.6
291.0,41UK,E07000199,Tamworth,Staffordshire,West Midlands,"70,500","74,600","76,813",5.8,3.0,2420.0,"2,490",96.8,96.4,35.0,39.0,6.7,6.6,21.0,18.7,67.7,66.8,11.1,14.5,0.4,0.5,32,4.2,"29,000","31,617",9.0,2.4,95.9,95.4,17.8
202.0,44UB,E07000218,North Warwickshire,Warwickshire,West Midlands,"61,000","61,800","62,014",1.3,0.3,217.0,218,96.8,97.4,39.0,43.0,5.5,5.3,18.4,16.5,66.5,65.2,15.0,18.4,0.5,0.7,17,2.7,"25,000","25,812",3.2,2.4,96.6,96.5,14.1
208.0,44UC,E07000219,Nuneaton and Bedworth,Warwickshire,West Midlands,"117,500","119,200","125,252",1.4,5.1,1509.0,"1,586",96.5,96.3,38.0,40.0,6.0,6.3,19.8,17.8,65.4,65.4,14.8,16.7,0.4,0.6,57,4.6,"49,000","52,711",7.6,2.4,96.5,95.4,15.5
235.0,44UD,E07000220,Rugby,Warwickshire,West Midlands,"85,000","87,500","100,075",2.9,14.4,249.0,285,98.4,99.4,39.0,40.0,5.9,6.3,18.9,18.1,65.3,64.6,16.1,17.3,0.7,0.8,154,15.4,"36,000","41,875",16.3,2.3,98.6,95.6,17.1
281.0,44UE,E07000221,Stratford-on-Avon,Warwickshire,West Midlands,"105,400","111,600","120,485",5.9,8.0,114.0,123,93.8,94.4,42.0,46.0,5.4,5.0,17.3,15.8,64.5,62.2,18.1,22.1,0.8,1.1,216,17.9,"47,000","51,928",10.5,2.3,97.8,97.4,14.9
317.0,44UF,E07000222,Warwick,Warwickshire,West Midlands,"118,100","126,100","137,648",6.8,9.2,446.0,487,96.7,99.5,38.0,39.0,5.4,5.8,17.0,16.1,66.5,67.1,16.3,16.7,0.7,0.8,820,59.6,"53,000","58,679",10.7,2.3,95.3,95.7,18.7
39.0,47UB,E07000234,Bromsgrove,Worcestershire,West Midlands,"83,200","87,900","93,637",5.6,6.5,405.0,432,96.6,97.8,41.0,44.0,5.1,5.1,18.1,16.3,64.6,63.3,17.2,20.4,0.8,1.1,67,7.2,"35,000","38,290",9.4,2.4,97.8,97.3,14.3
170.0,47UC,E07000235,Malvern Hills,Worcestershire,West Midlands,"70,000","72,200","74,631",3.1,3.4,125.0,129,94.3,94.9,44.0,47.0,4.7,4.4,16.9,15.3,62.2,60.6,20.8,24.1,1.0,1.2,113,15.1,"30,000","32,212",7.4,2.2,98.3,97.3,12.8
224.0,47UD,E07000236,Redditch,Worcestershire,West Midlands,"78,800","78,800","84,214",0.0,6.9,1452.0,"1,552",97.0,98.8,36.0,38.0,6.3,6.7,20.1,18.4,67.6,67.5,12.2,14.1,0.4,0.6,92,10.9,"32,000","34,722",8.5,2.4,98.2,95.8,16.4
341.0,47UE,E07000237,Worcester,Worcestershire,West Midlands,"83,300","93,400","98,768",12.1,5.7,2806.0,"2,968",95.2,96.7,36.0,37.0,6.5,6.4,19.1,17.6,66.6,67.6,14.5,14.8,0.5,0.7,224,22.7,"39,000","42,042",7.8,2.3,96.8,95.5,15.8
344.0,47UF,E07000238,Wychavon,Worcestershire,West Midlands,"101,900","113,100","116,944",11.0,3.4,170.0,176,97.4,96.5,41.0,45.0,5.4,4.9,17.7,15.8,64.7,62.8,17.6,21.4,0.6,1.0,165,14.1,"47,000","49,466",5.2,2.3,97.2,97.3,13.7
347.0,47UG,E07000239,Wyre Forest,Worcestershire,West Midlands,"95,200","96,900","97,975",1.8,1.1,496.0,501,96.8,97.2,40.0,44.0,5.3,5.4,17.4,16.0,65.6,63.1,16.7,20.9,0.7,0.9,35,3.6,"40,000","42,985",7.5,2.3,95.6,96.6,13.5
19.0,00CN,E08000025,Birmingham,West Midlands,West Midlands,"1,004,500","984,600","1,073,045",-2.0,9.0,3677.0,"4,007",95.6,96.8,33.0,32.0,7.1,7.6,21.8,21.4,63.8,65.7,14.4,12.9,0.5,0.6,"5,063",47.2,"391,000","410,736",5.0,2.6,90.7,90.8,18.7
75.0,00CQ,E08000026,Coventry,West Midlands,West Midlands,"303,900","302,800","316,960",-0.4,4.7,3069.0,"3,213",99.6,98.9,35.0,34.0,6.2,7.1,19.6,18.5,65.2,66.9,15.2,14.6,0.5,0.7,"2,883",91.0,"122,000","128,592",5.4,2.4,91.6,93.8,18.2
88.0,00CR,E08000027,Dudley,West Midlands,West Midlands,"307,700","305,100","312,925",-0.8,2.6,3115.0,"3,194",96.3,96.7,39.0,41.0,5.7,6.0,18.6,17.7,64.6,63.7,16.7,18.6,0.5,0.7,141,4.5,"125,000","129,867",3.9,2.4,98.0,95.2,14.0
242.0,00CS,E08000028,Sandwell,West Midlands,West Midlands,"292,600","284,600","308,063",-2.7,8.2,3325.0,"3,601",94.5,96.9,36.0,36.0,6.4,7.4,20.2,20.2,63.4,64.6,16.4,15.2,0.5,0.7,542,17.6,"115,000","121,498",5.7,2.5,94.6,93.2,15.2
252.0,00CT,E08000029,Solihull,West Midlands,West Midlands,"200,400","199,600","206,674",-0.4,3.5,1120.0,"1,159",94.1,94.4,40.0,42.0,5.6,5.6,19.6,17.6,63.6,63.2,16.9,19.2,0.6,0.9,269,13.0,"81,000","86,056",6.2,2.4,97.8,95.6,16.4
313.0,00CU,E08000030,Walsall,West Midlands,West Midlands,"261,300","253,300","269,323",-3.1,6.3,2437.0,"2,591",94.5,96.6,37.0,39.0,6.5,6.8,20.3,19.5,63.5,63.5,16.2,17.0,0.5,0.6,221,8.2,"101,000","107,822",6.8,2.5,96.7,92.9,14.2
340.0,00CW,E08000031,Wolverhampton,West Midlands,West Midlands,"248,500","238,000","249,470",-4.2,4.8,3428.0,"3,593",97.3,97.9,37.0,37.0,5.9,6.7,19.4,18.5,63.8,65.2,16.8,16.3,0.6,0.7,774,31.0,"97,000","102,177",5.3,2.4,96.3,91.7,14.9
214.0,00JA,E06000031,Peterborough UA,Cambridgeshire,East of England,"154,200","157,400","183,631",2.1,16.7,458.0,535,96.3,97.9,35.0,35.0,6.5,7.6,20.4,20.0,65.6,66.5,14.1,13.5,0.5,0.6,538,29.3,"66,000","74,023",12.2,2.5,96.0,93.4,16.9
167.0,00KA,E06000032,Luton UA,Bedforshire,East of England,"173,700","185,900","203,201",7.0,9.3,4285.0,"4,687",101.6,100.7,33.0,32.0,7.2,8.2,21.8,21.7,66.1,66.6,11.9,11.8,0.4,0.5,"1,234",60.7,"71,000","74,293",4.6,2.7,86.3,92.8,22.0
269.0,00KF,E06000033,Southend-on-Sea UA,Essex,East of England,"161,200","160,400","173,658",-0.5,8.3,3842.0,"4,159",92.0,96.0,39.0,40.0,6.0,6.5,18.8,17.8,62.0,64.5,19.1,17.7,1.1,1.1,188,10.8,"71,000","74,678",5.2,2.3,93.6,92.7,17.6
302.0,00KG,E06000034,Thurrock UA,Essex,East of England,"128,700","143,300","157,705",11.3,10.1,877.0,965,95.0,97.4,35.0,36.0,7.0,7.6,20.7,20.4,66.2,66.9,13.0,12.7,0.4,0.5,223,14.1,"58,000","62,353",7.5,2.5,89.8,92.6,18.3
17.0,00KB,E06000055,Bedford UA,Bedforshire,East of England,"135,400","148,100","157,479",9.4,6.3,311.0,331,97.6,96.4,37.0,39.0,6.3,6.4,19.4,18.7,65.8,65.5,14.9,15.8,0.6,0.7,385,24.4,"60,000","63,812",6.4,2.4,92.9,96.1,17.4
54.0,00KC,E06000056,Central Bedfordshire UA,Bedforshire,East of England,"220,500","234,000","254,381",6.1,8.7,327.0,355,98.6,98.2,37.0,40.0,6.4,6.3,20.2,18.3,66.4,66.1,13.6,15.7,0.5,0.6,931,36.6,"94,000","104,399",11.1,2.4,97.0,96.6,17.6
46.0,12UB,E07000008,Cambridge,Cambridgeshire,East of England,"106,700","109,900","123,867",3.0,12.7,2702.0,"3,044",101.7,103.5,31.0,31.0,4.6,5.4,13.6,13.5,73.3,74.7,13.1,11.8,0.6,0.8,"3,287",265.4,"43,000","46,714",8.6,2.3,92.6,91.7,21.6
90.0,12UC,E07000009,East Cambridgeshire,Cambridgeshire,East of England,"60,900","73,400","83,818",20.5,14.2,113.0,129,97.8,97.8,39.0,40.0,5.9,6.6,18.7,18.3,65.0,64.6,16.5,17.1,0.7,0.8,143,17.1,"30,000","34,614",15.4,2.4,93.1,95.2,15.7
109.0,12UD,E07000010,Fenland,Cambridgeshire,East of England,"75,100","83,700","95,262",11.5,13.8,153.0,174,95.1,96.6,41.0,43.0,5.7,5.5,18.4,16.4,62.5,63.4,19.4,20.3,0.8,0.9,125,13.1,"35,000","40,620",16.1,2.3,97.2,94.9,12.4
144.0,12UE,E07000011,Huntingdonshire,Cambridgeshire,East of England,"146,100","157,200","169,508",7.6,7.8,173.0,187,98.9,99.5,37.0,41.0,6.5,6.0,20.4,17.8,66.7,66.1,13.0,16.1,0.5,0.7,185,10.9,"63,000","69,333",10.1,2.4,95.5,94.9,17.4
254.0,12UG,E07000012,South Cambridgeshire,Cambridgeshire,East of England,"121,900","130,500","148,755",7.1,14.0,145.0,165,98.0,98.4,39.0,41.0,5.8,6.3,18.9,18.5,66.4,64.9,14.7,16.6,0.6,0.8,370,24.9,"52,000","59,960",15.3,2.4,96.5,95.1,17.9
13.0,22UB,E07000066,Basildon,Essex,East of England,"161,900","165,900","174,497",2.5,5.2,1508.0,"1,586",93.6,94.2,37.0,39.0,6.4,6.5,20.0,18.9,65.3,65.1,14.8,16.0,0.5,0.7,113,6.5,"69,000","72,746",5.4,2.4,95.8,95.1,17.9
30.0,22UC,E07000067,Braintree,Essex,East of England,"119,500","132,500","147,084",10.9,11.0,217.0,240,96.9,96.3,38.0,41.0,6.3,6.4,19.8,18.5,65.4,65.0,14.9,16.6,0.7,0.8,97,6.6,"54,000","61,043",13.0,2.4,97.4,95.5,15.8
33.0,22UD,E07000068,Brentwood,Essex,East of England,"70,700","68,500","73,601",-3.1,7.4,447.0,481,94.1,93.6,41.0,43.0,5.4,5.3,17.8,17.1,63.5,63.8,18.4,19.1,0.7,1.0,79,10.7,"29,000","30,646",5.7,2.4,97.7,95.7,16.9
53.0,22UE,E07000069,Castle Point,Essex,East of England,"86,900","86,700","88,011",-0.2,1.5,1923.0,"1,953",95.7,95.1,41.0,45.0,5.2,4.7,17.9,15.6,65.1,62.8,17.1,21.6,0.6,0.9,17,1.9,"35,000","36,440",4.1,2.4,95.2,95.2,13.8
57.0,22UF,E07000070,Chelmsford,Essex,East of England,"153,500","157,300","168,310",2.5,7.0,464.0,497,97.2,97.1,38.0,40.0,5.6,5.9,18.6,17.4,66.8,66.0,14.7,16.6,0.6,0.8,268,15.9,"65,000","69,667",7.2,2.4,96.4,95.6,16.7
68.0,22UG,E07000071,Colchester,Essex,East of England,"146,400","156,000","173,074",6.6,10.9,474.0,526,98.2,97.3,37.0,38.0,6.1,6.2,18.7,17.1,66.7,67.1,14.8,15.8,0.6,0.8,774,44.7,"64,000","71,634",11.9,2.3,95.4,94.2,16.7
104.0,22UH,E07000072,Epping Forest,Essex,East of England,"115,700","121,000","124,659",4.6,3.0,357.0,368,94.2,94.1,39.0,42.0,6.0,5.9,18.5,17.2,64.6,64.7,16.9,18.1,0.7,0.9,113,9.1,"51,000","51,991",1.9,2.4,94.3,95.7,14.4
129.0,22UJ,E07000073,Harlow,Essex,East of England,"75,000","78,800","81,944",5.1,4.0,2580.0,"2,683",94.1,93.9,35.0,37.0,6.9,7.3,20.2,19.4,65.1,65.6,14.7,15.0,0.4,0.6,114,13.9,"33,000","34,620",4.9,2.4,95.7,95.7,18.5
169.0,22UK,E07000074,Maldon,Essex,East of England,"52,800","59,600","61,629",12.9,3.4,166.0,172,98.0,97.7,40.0,45.0,5.9,4.9,19.1,16.2,65.4,63.7,15.4,20.1,0.7,1.0,19,3.1,"24,000","25,817",7.6,2.4,97.5,96.3,13.3
231.0,22UL,E07000075,Rochford,Essex,East of England,"75,500","78,700","83,287",4.2,5.8,464.0,491,94.3,96.0,40.0,44.0,5.7,5.2,18.6,16.7,63.7,63.3,17.7,20.0,0.6,0.8,9,1.1,"32,000","33,564",4.9,2.5,98.3,95.7,16.7
296.0,22UN,E07000076,Tendring,Essex,East of England,"125,900","138,800","138,048",10.2,-0.5,411.0,409,91.7,91.8,46.0,48.0,5.0,4.9,16.5,15.2,57.4,57.8,26.0,27.0,1.2,1.4,46,3.3,"62,000","62,105",0.2,2.2,93.2,96.4,10.9
310.0,22UQ,E07000077,Uttlesford,Essex,East of England,"65,400","69,000","79,443",5.5,15.1,108.0,124,99.4,97.4,40.0,42.0,5.8,5.9,19.1,18.8,65.5,64.1,15.2,17.1,0.7,0.9,96,12.1,"28,000","31,316",11.8,2.5,97.9,95.6,16.5
40.0,26UB,E07000095,Broxbourne,Hertfordshire,East of England,"81,700","87,200","93,609",6.7,7.3,1695.0,"1,820",94.2,94.0,37.0,39.0,6.2,6.6,19.5,18.8,65.8,64.8,14.7,16.3,0.5,0.6,93,9.9,"35,000","37,658",7.6,2.5,95.4,95.6,15.7
79.0,26UC,E07000096,Dacorum,Hertfordshire,East of England,"133,200","137,800","144,847",3.5,5.1,649.0,682,96.9,97.0,38.0,40.0,6.3,6.7,19.7,18.6,65.2,65.6,15.2,15.8,0.6,0.8,244,16.8,"56,000","59,938",7.0,2.4,94.7,94.8,19.3
94.0,26UD,E07000097,East Hertfordshire,Hertfordshire,East of England,"117,300","129,100","137,687",10.1,6.7,271.0,289,96.2,96.7,37.0,40.0,6.4,6.0,19.7,18.6,66.6,65.9,13.8,15.4,0.5,0.7,300,21.8,"52,000","56,577",8.8,2.4,96.3,95.6,18.4
138.0,26UE,E07000098,Hertsmere,Hertfordshire,East of England,"90,000","94,500","100,031",5.0,5.9,934.0,989,93.3,93.3,38.0,39.0,6.1,6.7,19.5,18.9,64.1,64.8,16.3,16.3,0.7,0.9,236,23.6,"38,000","39,778",4.7,2.5,94.5,94.8,18.3
196.0,26UF,E07000099,North Hertfordshire,Hertfordshire,East of England,"112,400","117,100","127,114",4.2,8.6,312.0,339,95.0,96.4,38.0,40.0,6.1,6.3,19.3,18.2,64.7,64.7,16.0,17.1,0.8,0.9,97,7.6,"49,000","53,426",9.0,2.4,96.9,96.2,18.9
272.0,26UG,E07000100,St Albans,Hertfordshire,East of England,"126,200","129,200","140,664",2.4,8.9,802.0,873,96.8,96.4,38.0,39.0,6.7,7.3,19.4,20.1,65.7,64.4,14.9,15.5,0.6,0.8,433,30.8,"53,000","56,140",5.9,2.5,95.5,95.5,19.2
277.0,26UH,E07000101,Stevenage,Hertfordshire,East of England,"75,700","79,800","83,957",5.4,5.2,3074.0,"3,234",96.6,97.7,35.0,37.0,6.5,7.0,21.1,19.0,65.2,66.8,13.8,14.1,0.4,0.6,114,13.6,"33,000","34,898",5.8,2.4,96.1,95.4,19.2
301.0,26UJ,E07000102,Three Rivers,Hertfordshire,East of England,"79,000","82,900","87,317",4.9,5.3,933.0,983,93.7,94.3,39.0,41.0,6.2,6.2,19.3,18.7,63.9,64.4,16.6,16.8,0.8,0.9,156,17.9,"34,000","35,108",3.3,2.5,94.7,95.6,18.6
318.0,26UK,E07000103,Watford,Hertfordshire,East of England,"74,900","80,400","90,301",7.3,12.3,3754.0,"4,215",98.5,98.6,35.0,35.0,6.3,7.5,19.3,19.3,67.5,68.3,13.2,12.3,0.6,0.6,255,28.2,"32,000","36,681",14.6,2.4,93.5,93.5,22.0
323.0,26UL,E07000104,Welwyn Hatfield,Hertfordshire,East of England,"93,800","97,600","110,535",4.1,13.3,753.0,853,94.4,96.8,38.0,36.0,5.8,6.1,18.5,17.1,64.3,67.6,17.2,15.3,0.6,0.8,"1,260",114.0,"40,000","43,613",9.0,2.4,94.5,93.8,19.0
31.0,33UB,E07000143,Breckland,Norfolk,East of England,"107,900","121,600","130,491",12.7,7.3,93.0,100,98.0,97.9,41.0,44.0,5.5,5.7,18.0,16.3,62.7,62.1,19.2,21.6,0.8,1.0,245,18.8,"51,000","54,519",6.9,2.3,94.3,94.9,13.7
37.0,33UC,E07000144,Broadland,Norfolk,East of England,"106,600","118,800","124,646",11.4,4.9,215.0,226,95.1,95.2,42.0,45.0,5.2,4.9,16.9,15.6,63.6,62.1,19.3,22.3,0.8,1.1,57,4.6,"50,000","53,336",6.7,2.3,98.9,97.0,13.6
119.0,33UD,E07000145,Great Yarmouth,Norfolk,East of England,"88,600","90,900","97,277",2.6,7.0,522.0,560,94.0,96.5,41.0,43.0,5.4,5.7,17.8,16.5,62.7,62.6,19.7,20.9,0.8,0.9,76,7.8,"39,000","42,079",7.9,2.3,94.4,93.8,13.2
153.0,33UE,E07000146,King’s Lynn and West Norfolk,Norfolk,East of England,"131,100","135,600","147,451",3.4,8.7,95.0,103,94.5,95.6,43.0,45.0,5.1,5.4,16.9,15.7,61.8,61.4,21.2,23.0,0.8,1.0,210,14.2,"58,000","62,977",8.6,2.3,97.7,95.9,11.8
199.0,33UF,E07000147,North Norfolk,Norfolk,East of England,"91,700","98,500","101,499",7.4,3.0,102.0,105,93.1,94.1,48.0,51.0,4.3,4.3,14.9,13.2,59.5,58.0,25.6,28.8,1.1,1.5,93,9.2,"44,000","46,046",4.7,2.2,96.4,96.7,10.2
206.0,33UG,E07000148,Norwich,Norfolk,East of England,"125,000","122,400","132,512",-2.1,8.3,3137.0,"3,396",95.1,97.1,35.0,34.0,5.2,6.4,16.2,15.5,67.0,69.9,16.7,14.6,0.8,0.9,"1,172",88.4,"55,000","60,319",9.7,2.1,94.2,96.5,16.1
261.0,33UH,E07000149,South Norfolk,Norfolk,East of England,"103,400","110,800","124,012",7.2,11.9,122.0,137,94.7,95.3,43.0,45.0,5.3,5.5,17.5,16.7,63.4,61.9,19.2,21.4,0.8,0.9,57,4.6,"47,000","52,809",12.4,2.3,99.0,96.6,14.0
8.0,42UB,E07000200,Babergh,Suffolk,East of England,"80,200","83,500","87,740",4.1,5.1,141.0,148,95.3,96.1,42.0,45.0,5.5,5.1,18.2,16.9,63.7,61.8,18.3,21.4,0.7,1.0,70,8.0,"35,000","37,522",7.2,2.3,98.0,96.8,13.5
111.0,42UC,E07000201,Forest Heath,Suffolk,East of England,"57,700","56,100","59,748",-2.8,6.5,149.0,158,103.3,101.9,35.0,37.0,6.6,6.9,19.4,17.5,65.8,66.3,14.6,16.2,0.5,0.7,274,45.9,"23,000","25,376",10.3,2.3,95.8,93.3,19.8
146.0,42UD,E07000202,Ipswich,Suffolk,East of England,"118,400","117,200","133,384",-1.0,13.8,2974.0,"3,384",96.3,99.2,36.0,36.0,6.2,6.9,19.7,18.3,63.6,66.8,16.9,14.9,0.8,0.8,485,36.4,"50,000","57,298",14.6,2.3,97.0,93.7,16.7
179.0,42UE,E07000203,Mid Suffolk,Suffolk,East of England,"79,000","87,000","96,731",10.1,11.2,100.0,111,99.5,98.2,41.0,44.0,5.7,5.4,18.5,17.1,63.8,62.8,17.5,20.1,0.7,0.9,38,3.9,"36,000","40,306",12.0,2.4,98.3,96.6,12.1
273.0,42UF,E07000204,St Edmundsbury,Suffolk,East of England,"92,500","98,300","111,008",6.3,12.9,150.0,169,98.2,100.3,39.0,41.0,5.8,6.0,18.2,17.1,65.7,63.9,16.2,18.9,0.6,1.0,228,20.5,"41,000","45,802",11.7,2.4,99.0,94.0,14.4
283.0,42UG,E07000205,Suffolk Coastal,Suffolk,East of England,"113,300","115,200","124,298",1.7,7.9,129.0,139,94.1,95.3,43.0,46.0,5.2,5.0,18.1,16.3,61.1,60.5,20.9,23.2,1.0,1.2,150,12.1,"49,000","53,558",9.3,2.3,97.3,96.8,14.3
319.0,42UH,E07000206,Waveney,Suffolk,East of England,"108,000","112,500","115,254",4.2,2.4,304.0,312,93.0,94.6,42.0,45.0,5.4,5.4,18.1,16.1,60.4,60.1,21.6,23.9,0.9,1.3,58,5.0,"49,000","50,883",3.8,2.2,96.4,96.6,12.1
67.0,00AA,E09000001,City of London,Greater London,London,"5,400","7,400","7,375",37.0,-0.3,2561.0,"2,540",117.6,124.6,38.0,39.0,2.7,3.2,8.1,8.0,78.4,78.0,12.2,14.0,0.0,0.6,270,366.1,"4,000","4,385",9.6,1.6,73.9,91.9,28.1
9.0,00AB,E09000002,Barking and Dagenham,Greater London,London,"155,500","165,700","185,911",6.6,12.2,4589.0,"5,149",92.5,94.3,34.0,32.0,7.5,10.0,21.8,24.6,63.5,65.0,14.5,10.4,0.5,0.5,842,45.3,"67,000","69,681",4.0,2.7,86.3,91.8,19.6
10.0,00AC,E09000003,Barnet,Greater London,London,"297,700","319,500","356,386",7.3,11.5,3683.0,"4,108",93.5,94.0,35.0,35.0,6.3,7.4,18.8,19.6,66.9,67.1,14.3,13.3,0.8,0.8,"2,985",83.8,"127,000","135,916",7.0,2.6,89.6,91.1,21.6
18.0,00AD,E09000004,Bexley,Greater London,London,"218,100","218,800","231,997",0.3,6.0,3612.0,"3,830",92.9,92.8,37.0,39.0,6.0,6.5,19.7,19.1,64.5,64.9,15.8,16.0,0.6,0.7,230,9.9,"90,000","92,604",2.9,2.5,95.9,94.7,18.3
32.0,00AE,E09000005,Brent,Greater London,London,"240,800","269,600","311,215",12.0,15.4,6241.0,"7,199",98.7,101.1,33.0,32.0,6.0,7.2,18.1,19.0,70.7,70.5,11.2,10.5,0.4,0.4,"2,709",87.0,"100,000","110,286",10.3,2.8,79.4,88.0,24.4
38.0,00AF,E09000006,Bromley,Greater London,London,"293,500","296,200","309,392",0.9,4.5,1973.0,"2,061",92.2,92.4,38.0,40.0,6.3,6.5,18.7,18.3,64.4,64.8,16.8,16.8,0.7,0.9,393,12.7,"126,000","130,862",3.9,2.3,93.9,95.2,17.9
47.0,00AG,E09000007,Camden,Greater London,London,"180,700","202,600","220,338",12.1,8.8,9289.0,"10,112",96.5,95.9,32.0,33.0,5.9,6.0,15.5,15.3,74.0,73.8,10.5,10.9,0.4,0.5,"4,997",226.8,"92,000","97,534",6.0,2.2,76.6,86.9,23.8
78.0,00AH,E09000008,Croydon,Greater London,London,"315,900","335,100","363,378",6.1,8.4,3874.0,"4,201",94.9,94.2,35.0,35.0,6.7,7.7,20.4,20.4,67.0,67.4,12.8,12.2,0.6,0.6,"1,042",28.7,"139,000","145,010",4.3,2.5,87.1,90.1,20.9
89.0,00AJ,E09000009,Ealing,Greater London,London,"283,800","307,300","338,449",8.3,10.1,5534.0,"6,093",100.2,99.9,33.0,33.0,6.3,7.5,18.2,19.2,70.5,70.1,11.3,10.7,0.5,0.5,"3,360",99.3,"118,000","124,082",5.2,2.7,85.2,92.4,23.3
103.0,00AK,E09000010,Enfield,Greater London,London,"260,100","277,300","312,466",6.6,12.7,3431.0,"3,866",93.6,93.1,35.0,34.0,6.5,7.8,19.7,21.0,66.8,66.5,13.7,12.4,0.7,0.6,779,24.9,"111,000","119,916",8.0,2.6,89.4,90.7,19.0
120.0,00AL,E09000011,Greenwich,Greater London,London,"210,900","217,500","254,557",3.1,17.0,4592.0,"5,378",94.3,98.4,33.0,33.0,7.2,8.2,20.2,20.5,67.1,69.2,12.7,10.3,0.5,0.5,"1,689",66.4,"93,000","101,045",8.7,2.5,85.6,90.7,21.7
123.0,00AM,E09000012,Hackney,Greater London,London,"185,000","207,200","246,270",12.0,18.9,10860.0,"12,928",95.5,98.2,31.0,30.0,8.1,7.8,21.7,19.6,69.2,73.3,9.1,7.1,0.4,0.3,"1,615",65.6,"86,000","101,690",18.2,2.4,72.1,86.4,22.0
126.0,00AN,E09000013,Hammersmith and Fulham,Greater London,London,"153,800","169,400","182,493",10.1,7.7,10336.0,"11,129",96.4,95.0,32.0,32.0,6.1,6.5,15.3,15.4,74.4,75.6,10.3,9.0,0.4,0.4,"2,168",118.8,"76,000","80,590",6.0,2.2,76.2,87.4,22.5
128.0,00AP,E09000014,Haringey,Greater London,London,"207,000","221,300","254,926",6.9,15.2,7481.0,"8,613",96.1,98.1,32.0,32.0,6.6,7.1,18.9,19.3,71.4,72.0,9.6,8.8,0.4,0.3,"2,203",86.4,"92,000","101,955",10.8,2.5,83.4,86.7,21.8
131.0,00AQ,E09000015,Harrow,Greater London,London,"203,000","210,000","239,056",3.4,13.8,4163.0,"4,737",96.2,97.5,36.0,36.0,5.7,6.7,18.5,18.8,67.3,67.1,14.2,14.1,0.7,0.7,"1,169",48.9,"79,000","84,268",6.7,2.8,91.8,92.8,22.1
136.0,00AR,E09000016,Havering,Greater London,London,"230,900","224,700","237,232",-2.7,5.6,2001.0,"2,112",92.9,92.8,39.0,40.0,5.5,5.8,18.5,17.4,63.7,64.8,17.6,17.8,0.6,0.8,193,8.1,"92,000","97,199",5.7,2.4,96.6,95.3,14.7
140.0,00AS,E09000017,Hillingdon,Greater London,London,"234,400","245,600","273,936",4.8,11.5,2123.0,"2,368",95.2,98.3,35.0,35.0,6.6,7.2,19.7,19.5,66.4,67.6,13.8,12.8,0.5,0.6,"1,682",61.4,"97,000","100,214",3.3,2.7,92.7,93.0,21.1
143.0,00AT,E09000018,Hounslow,Greater London,London,"203,900","216,000","253,957",5.9,17.6,3857.0,"4,537",99.7,100.7,33.0,33.0,6.6,7.8,18.9,19.1,69.6,70.3,11.3,10.6,0.4,0.4,"1,784",70.2,"84,000","94,902",13.0,2.7,90.7,92.2,24.9
150.0,00AU,E09000019,Islington,Greater London,London,"171,800","179,400","206,125",4.4,14.9,12081.0,"13,874",95.6,96.8,32.0,31.0,6.2,6.0,17.1,15.0,72.9,76.2,10.0,8.8,0.3,0.3,"3,475",168.6,"82,000","93,556",14.1,2.1,77.9,91.4,23.2
151.0,00AW,E09000020,Kensington and Chelsea,Greater London,London,"143,600","162,200","158,649",13.0,-2.2,13350.0,"13,086",95.4,97.2,35.0,36.0,6.1,5.8,14.6,14.7,73.4,73.3,12.0,12.0,0.6,0.6,"3,838",241.9,"79,000","78,536",-0.6,2.0,64.4,81.7,24.5
155.0,00AX,E09000021,Kingston upon Thames,Greater London,London,"136,100","149,000","160,060",9.5,7.4,4001.0,"4,296",97.6,95.3,35.0,35.0,6.2,6.8,17.7,17.8,69.3,69.5,13.3,12.7,0.7,0.8,"1,271",79.4,"62,000","63,639",2.6,2.5,91.5,93.1,21.2
158.0,00AY,E09000022,Lambeth,Greater London,London,"255,000","273,400","303,086",7.2,10.9,10186.0,"11,305",102.2,99.2,31.0,31.0,6.6,6.8,17.7,17.1,73.3,75.2,9.0,7.7,0.3,0.3,"2,129",70.2,"119,000","130,017",9.3,2.3,78.8,87.1,22.7
163.0,00AZ,E09000023,Lewisham,Greater London,London,"240,200","254,300","275,885",5.9,8.5,7233.0,"7,849",96.3,95.8,33.0,33.0,7.0,8.0,19.5,19.6,69.7,71.0,10.8,9.5,0.5,0.4,"1,279",46.4,"108,000","116,091",7.5,2.4,80.8,88.1,22.2
177.0,00BA,E09000024,Merton,Greater London,London,"170,900","191,100","199,693",11.8,4.5,5085.0,"5,307",97.8,97.4,34.0,34.0,6.6,7.4,18.1,18.4,69.2,70.0,12.7,11.6,0.6,0.6,"1,059",53.0,"79,000","78,757",-0.3,2.5,87.9,93.4,21.5
190.0,00BB,E09000025,Newham,Greater London,London,"216,300","249,400","307,984",15.3,23.5,6884.0,"8,508",100.8,108.6,30.0,29.0,8.3,8.2,24.0,21.4,67.3,71.9,8.8,6.7,0.3,0.2,"4,015",130.4,"92,000","101,519",10.3,3.0,79.7,86.4,25.0
222.0,00BC,E09000026,Redbridge,Greater London,London,"222,000","241,900","278,970",9.0,15.3,4288.0,"4,945",96.7,98.0,35.0,34.0,6.5,7.8,19.9,21.2,66.3,66.8,13.8,12.0,0.6,0.6,"1,637",58.7,"93,000","99,105",6.6,2.8,87.0,92.1,22.4
228.0,00BD,E09000027,Richmond upon Thames,Greater London,London,"166,600","174,300","186,990",4.6,7.3,3036.0,"3,257",95.4,95.1,37.0,38.0,6.8,7.5,17.7,18.7,68.7,67.8,13.5,13.5,0.7,0.8,743,39.7,"76,000","79,835",5.0,2.3,92.9,94.0,19.6
270.0,00BE,E09000028,Southwark,Greater London,London,"227,200","256,700","288,283",13.0,12.3,8898.0,"9,988",99.3,97.9,32.0,32.0,6.8,7.2,18.7,17.5,71.1,74.8,10.3,7.7,0.4,0.3,"3,793",131.6,"109,000","120,422",10.5,2.3,76.8,87.4,23.2
286.0,00BF,E09000029,Sutton,Greater London,London,"170,100","181,500","190,146",6.7,4.8,4138.0,"4,337",94.8,94.6,36.0,38.0,6.4,6.7,19.6,18.7,66.0,67.0,14.4,14.3,0.7,0.7,286,15.0,"76,000","78,174",2.9,2.4,94.2,95.1,17.3
307.0,00BG,E09000030,Tower Hamlets,Greater London,London,"166,300","201,100","254,096",20.9,26.4,10167.0,"12,845",105.0,106.3,29.0,29.0,7.6,7.4,21.0,18.7,69.8,75.2,9.2,6.1,0.2,0.2,"4,187",164.8,"79,000","101,257",28.2,2.5,75.6,90.8,29.3
314.0,00BH,E09000031,Waltham Forest,Greater London,London,"215,900","222,000","258,249",2.8,16.3,5725.0,"6,655",97.9,99.8,33.0,32.0,7.0,8.1,19.9,20.2,68.7,69.9,11.5,9.9,0.5,0.5,"1,488",57.6,"90,000","96,861",7.6,2.6,87.8,90.0,22.2
315.0,00BJ,E09000032,Wandsworth,Greater London,London,"262,000","271,700","306,995",3.7,13.0,7928.0,"8,960",94.5,93.9,32.0,32.0,6.0,7.1,14.6,15.9,74.9,75.3,10.6,8.8,0.5,0.4,"2,762",90.0,"119,000","130,493",9.7,2.3,89.0,92.4,22.7
331.0,00BK,E09000033,Westminster,Greater London,London,"185,000","203,300","219,396",9.9,7.9,9456.0,"10,211",100.3,103.4,34.0,34.0,5.1,5.8,12.6,14.1,75.3,74.7,12.1,11.2,0.5,0.5,"6,920",315.4,"100,000","105,772",5.8,2.0,74.0,85.1,25.1
173.0,00LC,E06000035,Medway UA,Kent,South East,"242,500","249,700","263,925",3.0,5.7,1300.0,"1,374",97.1,98.3,36.0,37.0,6.4,6.5,21.0,18.9,66.4,67.1,12.7,14.0,0.4,0.6,514,19.5,"100,000","106,209",6.2,2.4,94.3,93.5,16.9
28.0,00MA,E06000036,Bracknell Forest UA,Berkshire,South East,"98,100","109,700","113,205",11.8,3.2,1003.0,"1,035",100.4,98.3,35.0,37.0,7.0,7.1,20.9,19.3,68.4,68.2,10.8,12.5,0.4,0.6,258,22.8,"43,000","45,878",6.7,2.4,95.0,96.5,22.3
324.0,00MB,E06000037,West Berkshire UA,Berkshire,South East,"138,800","144,500","153,822",4.1,6.5,205.0,218,98.5,98.5,37.0,40.0,6.1,6.5,19.4,18.9,67.3,65.8,13.3,15.4,0.6,0.7,287,18.7,"57,000","62,340",9.4,2.4,97.2,97.3,18.4
221.0,00MC,E06000038,Reading UA,Berkshire,South East,"134,800","144,700","155,698",7.3,7.6,3583.0,"3,854",103.7,100.3,33.0,33.0,6.1,7.7,17.8,18.3,69.7,70.3,12.5,11.5,0.6,0.6,"1,290",82.9,"58,000","62,869",8.4,2.4,92.9,95.2,23.5
251.0,00MD,E06000039,Slough UA,Berkshire,South East,"105,400","120,600","140,205",14.4,16.3,3708.0,"4,308",102.0,100.0,33.0,32.0,6.8,9.1,20.6,22.7,67.7,68.2,11.5,9.1,0.4,0.4,696,49.6,"45,000","50,766",12.8,2.8,84.9,92.1,24.5
336.0,00ME,E06000040,Windsor and Maidenhead UA,Berkshire,South East,"133,700","133,500","144,560",-0.1,8.3,679.0,736,97.3,97.4,38.0,40.0,6.1,6.5,18.6,18.5,66.1,64.8,15.4,16.7,0.7,0.9,474,32.8,"54,000","58,349",8.1,2.4,96.4,94.5,20.4
339.0,00MF,E06000041,Wokingham UA,Berkshire,South East,"141,100","150,300","154,380",6.5,2.7,840.0,863,100.0,98.1,37.0,40.0,6.1,6.5,19.6,19.0,68.5,65.6,12.0,15.4,0.5,0.7,285,18.5,"57,000","60,332",5.8,2.5,95.0,97.1,23.5
182.0,00MG,E06000042,Milton Keynes UA,Buckinghamshire,South East,"178,300","212,700","248,821",19.3,17.0,689.0,806,101.2,97.9,34.0,35.0,6.8,8.0,21.1,21.0,68.9,68.0,10.1,11.1,0.4,0.5,709,28.5,"85,000","98,584",16.0,2.5,95.1,93.2,22.4
35.0,00ML,E06000043,Brighton and Hove UA,East Sussex,South East,"240,500","249,900","273,369",3.9,9.4,3023.0,"3,307",95.3,99.2,36.0,35.0,5.2,5.5,15.5,15.3,68.3,71.7,16.1,13.1,0.9,0.8,"2,481",90.8,"114,000","121,540",6.6,2.2,91.0,91.6,18.5
217.0,00MR,E06000044,Portsmouth UA,Hampshire,South East,"186,800","188,000","205,056",0.6,9.1,4672.0,"5,081",98.5,101.3,35.0,34.0,5.8,6.6,18.0,17.3,66.8,69.3,15.2,13.4,0.7,0.8,"1,173",57.2,"79,000","85,473",8.2,2.3,93.0,90.8,17.8
268.0,00MS,E06000045,Southampton UA,Hampshire,South East,"204,800","219,500","236,882",7.2,7.9,4404.0,"4,752",101.3,101.7,33.0,32.0,5.5,6.5,17.1,16.4,68.5,70.6,14.4,13.0,0.6,0.7,"1,803",76.1,"91,000","98,254",8.0,2.3,90.4,93.2,19.2
148.0,00MW,E06000046,Isle of Wight UA,Isle of Wight,South East,"125,900","132,900","138,265",5.6,4.0,350.0,364,92.3,95.2,44.0,46.0,4.8,4.6,16.9,15.1,60.8,61.0,22.4,23.8,1.1,1.3,107,7.7,"58,000","61,085",5.3,2.2,94.7,95.0,12.5
7.0,11UB,E07000004,Aylesbury Vale,Buckinghamshire,South East,"147,200","165,900","174,137",12.7,5.0,184.0,193,98.7,98.1,37.0,40.0,6.6,6.5,20.0,19.0,67.1,66.0,12.9,15.0,0.5,0.7,254,14.6,"65,000","69,406",6.8,2.5,92.7,95.9,18.8
64.0,11UC,E07000005,Chiltern,Buckinghamshire,South East,"89,400","89,200","92,635",-0.2,3.9,454.0,472,93.5,94.7,41.0,44.0,6.1,5.9,19.2,19.1,63.9,61.5,16.8,19.4,0.8,0.9,118,12.7,"35,000","36,946",5.6,2.5,97.3,96.1,17.3
253.0,11UE,E07000006,South Bucks,Buckinghamshire,South East,"60,200","61,900","66,867",2.8,8.0,438.0,473,94.0,94.2,41.0,43.0,5.7,5.9,18.7,17.7,63.7,62.9,17.4,19.4,0.8,1.0,128,19.1,"25,000","26,514",6.1,2.5,95.9,96.6,18.5
345.0,11UF,E07000007,Wycombe,Buckinghamshire,South East,"158,900","162,100","171,644",2.0,5.9,499.0,529,95.8,97.2,37.0,39.0,6.5,6.5,19.6,19.0,66.4,65.1,13.9,15.8,0.6,0.7,363,21.1,"64,000","67,861",6.0,2.5,94.2,94.1,20.2
99.0,21UC,E07000061,Eastbourne,East Sussex,South East,"84,400","89,800","99,412",6.4,10.7,2034.0,"2,251",86.7,91.7,42.0,43.0,5.3,5.4,16.8,15.7,58.6,61.9,24.7,22.4,1.7,1.6,380,38.2,"41,000","45,012",9.8,2.2,93.3,94.1,14.1
134.0,21UD,E07000062,Hastings,East Sussex,South East,"82,800","85,400","90,254",3.1,5.7,2874.0,"3,036",91.9,95.2,39.0,41.0,6.3,6.2,19.8,17.3,62.4,65.6,17.9,17.1,1.1,1.0,123,13.6,"38,000","41,159",8.3,2.2,91.0,91.0,14.8
162.0,21UF,E07000063,Lewes,East Sussex,South East,"88,200","92,200","97,502",4.5,5.8,316.0,334,91.5,94.5,43.0,45.0,5.2,5.2,17.5,16.2,60.1,61.0,22.6,22.7,1.1,1.3,151,15.5,"40,000","42,181",5.5,2.3,95.0,95.0,13.4
233.0,21UG,E07000064,Rother,East Sussex,South East,"82,800","85,500","90,588",3.3,6.0,168.0,178,87.5,90.4,49.0,50.0,4.7,4.4,16.0,14.6,55.4,57.0,28.5,28.4,1.8,2.0,129,14.2,"38,000","40,877",7.6,2.2,97.4,94.0,12.1
321.0,21UH,E07000065,Wealden,East Sussex,South East,"130,900","140,200","148,915",7.1,6.2,168.0,179,91.0,93.1,43.0,46.0,5.3,5.0,18.0,16.5,60.8,60.5,21.1,22.9,1.1,1.3,387,26.0,"58,000","62,676",8.1,2.3,97.7,95.4,14.0
14.0,24UB,E07000084,Basingstoke and Deane,Hampshire,South East,"145,300","152,900","167,799",5.2,9.7,241.0,265,98.1,98.1,37.0,39.0,6.5,6.8,19.9,18.9,67.7,66.7,12.4,14.4,0.5,0.6,264,15.7,"62,000","69,315",11.8,2.4,96.2,96.9,21.6
93.0,24UC,E07000085,East Hampshire,Hampshire,South East,"103,900","109,400","115,608",5.3,5.7,213.0,225,96.8,94.7,40.0,44.0,5.8,5.4,19.0,17.3,65.1,63.4,15.8,19.3,0.7,1.0,134,11.6,"44,000","47,258",7.4,2.4,97.8,96.3,17.6
100.0,24UD,E07000086,Eastleigh,Hampshire,South East,"106,600","116,300","125,199",9.1,7.7,1458.0,"1,570",96.5,96.2,38.0,41.0,5.9,6.2,19.7,17.7,65.7,65.7,14.8,16.6,0.6,0.8,124,9.9,"47,000","52,177",11.0,2.4,97.1,95.7,18.2
108.0,24UE,E07000087,Fareham,Hampshire,South East,"99,600","108,200","111,581",8.6,3.1,1457.0,"1,503",96.2,95.9,40.0,44.0,5.5,5.0,18.2,16.2,64.2,63.4,17.5,20.4,0.7,0.9,97,8.7,"44,000","46,579",5.9,2.4,97.2,96.1,19.4
117.0,24UF,E07000088,Gosport,Hampshire,South East,"76,500","76,700","82,622",0.3,7.7,3034.0,"3,267",95.7,97.3,37.0,40.0,6.1,6.6,19.3,18.3,64.5,64.7,16.0,17.1,0.7,0.8,83,10.0,"31,000","35,430",14.3,2.3,96.9,92.7,18.0
132.0,24UG,E07000089,Hart,Hampshire,South East,"80,500","83,600","91,033",3.9,8.9,388.0,423,101.4,98.5,38.0,41.0,6.0,6.2,19.0,18.9,68.1,64.6,12.8,16.5,0.6,0.7,104,11.4,"33,000","35,510",7.6,2.5,98.0,96.0,22.3
135.0,24UH,E07000090,Havant,Hampshire,South East,"119,800","116,900","120,684",-2.4,3.2,2112.0,"2,179",92.4,94.4,41.0,44.0,5.5,5.6,18.5,16.8,62.4,62.1,19.0,21.1,0.7,1.0,59,4.9,"49,000","51,311",4.7,2.3,98.7,94.6,15.2
186.0,24UJ,E07000091,New Forest,Hampshire,South East,"160,900","169,500","176,462",5.3,4.1,225.0,234,91.7,92.5,44.0,47.0,4.9,4.9,17.1,15.2,60.3,59.8,22.7,25.0,1.0,1.5,182,10.3,"72,000","76,839",6.7,2.3,97.3,96.3,13.7
238.0,24UL,E07000092,Rushmoor,Hampshire,South East,"85,900","90,900","93,807",5.8,3.2,2328.0,"2,403",102.0,99.4,34.0,36.0,6.9,7.2,20.2,18.9,68.3,68.9,11.7,12.2,0.4,0.6,333,35.5,"35,000","36,344",3.8,2.5,87.6,94.6,21.8
297.0,24UN,E07000093,Test Valley,Hampshire,South East,"101,300","110,000","116,398",8.6,5.8,175.0,185,96.4,95.6,39.0,43.0,5.9,5.8,19.7,17.5,65.2,64.1,15.2,18.4,0.7,0.9,165,14.2,"44,000","47,626",8.2,2.4,97.0,96.1,16.8
335.0,24UP,E07000094,Winchester,Hampshire,South East,"98,400","107,300","116,595",9.0,8.7,162.0,176,96.2,94.4,40.0,42.0,5.3,5.6,17.3,17.2,65.4,64.1,17.1,18.7,0.9,1.0,415,35.6,"43,000","46,865",9.0,2.4,96.3,95.9,17.9
6.0,29UB,E07000105,Ashford,Kent,South East,"93,100","103,000","117,956",10.6,14.5,177.0,203,94.7,94.2,38.0,40.0,6.3,6.6,19.9,19.5,64.0,63.6,16.2,16.9,0.6,0.8,149,12.6,"42,000","47,787",13.8,2.4,95.9,95.8,15.6
49.0,29UC,E07000106,Canterbury,Kent,South East,"129,600","135,400","151,145",4.5,11.6,438.0,489,90.2,92.5,39.0,39.0,5.0,5.0,17.1,15.5,63.7,65.7,19.3,18.8,1.0,1.1,"1,316",87.1,"56,000","60,771",8.5,2.3,96.0,95.1,14.0
81.0,29UD,E07000107,Dartford,Kent,South East,"80,100","86,000","97,365",7.4,13.2,1182.0,"1,338",96.3,97.5,36.0,37.0,6.5,6.9,20.1,19.2,65.3,66.5,14.4,14.3,0.6,0.7,160,16.4,"35,000","40,081",14.5,2.4,96.1,93.6,18.4
87.0,29UE,E07000108,Dover,Kent,South East,"104,400","104,600","111,674",0.2,6.8,332.0,354,92.8,96.2,40.0,44.0,5.5,5.6,18.8,16.8,62.5,63.0,18.7,20.2,0.9,1.0,163,14.6,"44,000","48,310",9.8,2.3,95.0,93.1,13.6
118.0,29UG,E07000109,Gravesham,Kent,South East,"93,300","95,800","101,720",2.7,6.2,968.0,"1,027",95.9,97.2,38.0,39.0,6.2,6.5,20.1,19.1,64.4,64.9,15.3,16.0,0.5,0.7,240,23.6,"38,000","40,431",6.4,2.5,92.9,93.5,17.1
168.0,29UH,E07000110,Maidstone,Kent,South East,"137,000","139,100","155,143",1.5,11.5,354.0,394,96.9,97.3,39.0,41.0,5.8,6.2,18.4,17.9,66.0,65.0,15.5,17.1,0.6,0.8,430,27.7,"57,000","63,447",11.3,2.4,96.6,95.6,15.3
247.0,29UK,E07000111,Sevenoaks,Kent,South East,"109,400","109,200","114,893",-0.2,5.2,296.0,311,93.8,94.2,41.0,43.0,5.9,6.1,19.1,18.3,63.8,62.9,17.1,18.9,0.7,0.9,151,13.1,"44,000","47,020",6.9,2.4,96.7,95.0,15.8
249.0,29UL,E07000112,Shepway,Kent,South East,"93,000","96,300","107,969",3.5,12.1,270.0,303,91.8,96.9,41.0,43.0,5.5,5.6,18.4,16.6,61.6,62.7,20.0,20.8,0.9,1.2,73,6.8,"41,000","47,379",15.6,2.2,95.4,92.0,14.6
287.0,29UM,E07000113,Swale,Kent,South East,"116,100","123,100","135,835",6.0,10.3,330.0,364,97.3,97.8,38.0,40.0,6.3,6.4,20.1,18.8,64.8,64.6,15.0,16.7,0.6,0.7,136,10.0,"49,000","55,585",13.4,2.4,96.8,95.7,15.1
299.0,29UN,E07000114,Thanet,Kent,South East,"126,100","126,800","134,186",0.6,5.8,1227.0,"1,299",90.0,92.7,41.0,43.0,5.5,6.0,18.8,17.8,59.4,61.0,21.8,21.2,1.1,1.2,204,15.2,"55,000","59,513",8.2,2.2,95.2,94.6,14.4
303.0,29UP,E07000115,Tonbridge and Malling,Kent,South East,"102,100","107,800","120,805",5.6,12.1,449.0,503,96.0,96.1,38.0,41.0,6.3,6.2,20.2,19.3,64.8,63.8,15.2,16.9,0.6,0.7,190,15.7,"43,000","48,140",12.0,2.5,98.2,95.5,16.4
309.0,29UQ,E07000116,Tunbridge Wells,Kent,South East,"101,500","104,000","115,049",2.5,10.6,314.0,347,92.8,96.5,39.0,40.0,6.2,6.4,19.4,19.1,64.4,64.3,16.3,16.6,0.9,1.0,234,20.3,"43,000","47,174",9.7,2.4,95.2,91.9,15.2
59.0,38UB,E07000177,Cherwell,Oxfordshire,South East,"124,100","132,000","141,868",6.4,7.5,224.0,241,97.9,97.7,36.0,39.0,6.7,6.9,19.7,18.8,66.7,65.9,13.6,15.3,0.5,0.7,465,32.8,"53,000","56,728",7.0,2.4,96.2,96.5,17.8
211.0,38UC,E07000178,Oxford,Oxfordshire,South East,"128,900","135,500","151,906",5.1,12.1,2970.0,"3,331",99.6,98.4,31.0,29.0,4.9,6.1,14.8,15.6,72.4,73.4,12.9,11.0,0.6,0.6,"3,977",261.8,"52,000","55,375",6.5,2.4,91.1,92.6,20.9
263.0,38UD,E07000179,South Oxfordshire,Oxfordshire,South East,"120,000","128,300","134,257",6.9,4.6,189.0,198,97.4,96.7,39.0,42.0,6.2,6.1,19.0,18.1,65.6,63.8,15.3,18.2,0.7,0.9,281,20.9,"52,000","54,104",4.0,2.4,97.4,96.9,17.7
311.0,38UE,E07000180,Vale of White Horse,Oxfordshire,South East,"112,100","115,800","120,988",3.3,4.5,200.0,209,99.0,98.6,39.0,41.0,6.0,6.1,19.3,17.8,65.4,64.2,15.5,18.0,0.6,0.9,599,49.5,"46,000","49,407",7.4,2.4,98.3,97.1,18.3
329.0,38UF,E07000181,West Oxfordshire,Oxfordshire,South East,"91,000","95,700","104,779",5.2,9.5,134.0,147,96.9,96.5,39.0,42.0,6.0,6.1,19.1,17.3,64.8,64.3,16.0,18.4,0.7,0.9,148,14.1,"39,000","43,241",10.9,2.4,96.8,96.9,16.3
102.0,43UB,E07000207,Elmbridge,Surrey,South East,"113,700","122,700","130,875",7.9,6.7,1291.0,"1,377",94.5,94.1,39.0,40.0,6.6,7.2,19.5,20.1,64.4,63.5,16.3,16.4,0.9,1.0,366,28.0,"51,000","52,922",3.8,2.4,95.3,95.1,19.5
105.0,43UC,E07000208,Epsom and Ewell,Surrey,South East,"67,300","67,100","75,102",-0.3,11.9,1969.0,"2,204",93.6,94.1,40.0,40.0,5.8,6.2,17.9,18.3,65.1,64.9,16.8,16.7,0.9,0.9,223,29.7,"27,000","29,784",10.3,2.5,97.8,94.7,17.1
121.0,43UD,E07000209,Guildford,Surrey,South East,"126,000","129,800","137,183",3.0,5.7,479.0,506,97.4,98.1,37.0,38.0,5.5,5.9,16.9,16.8,67.9,67.6,15.2,15.6,0.7,0.9,"1,044",76.1,"52,000","53,973",3.8,2.4,93.6,95.3,19.3
183.0,43UE,E07000210,Mole Valley,Surrey,South East,"79,200","80,300","85,375",1.4,6.3,311.0,330,94.4,95.7,42.0,44.0,5.6,5.4,17.8,17.2,63.1,62.1,19.1,20.7,1.0,1.1,149,17.5,"34,000","35,828",5.4,2.3,96.3,95.1,16.8
225.0,43UF,E07000211,Reigate and Banstead,Surrey,South East,"118,300","126,700","137,835",7.1,8.8,981.0,"1,067",96.4,95.8,39.0,40.0,6.2,6.6,18.7,18.5,65.0,65.0,16.3,16.5,0.9,1.0,294,21.3,"52,000","55,423",6.6,2.4,93.8,94.7,18.9
236.0,43UG,E07000212,Runnymede,Surrey,South East,"74,300","78,100","80,510",5.1,3.1,1001.0,"1,032",94.8,94.6,37.0,39.0,5.4,6.0,16.5,16.2,67.2,67.1,16.1,16.7,0.6,0.9,692,86.0,"32,000","32,714",2.2,2.4,93.4,95.8,19.1
271.0,43UH,E07000213,Spelthorne,Surrey,South East,"88,400","90,400","95,598",2.3,5.8,2013.0,"2,130",96.5,96.9,39.0,41.0,5.8,6.3,17.8,17.1,65.5,65.4,16.6,17.4,0.6,0.8,219,22.9,"38,000","39,512",4.0,2.4,96.0,95.6,19.2
285.0,43UJ,E07000214,Surrey Heath,Surrey,South East,"79,600","80,300","86,144",0.9,7.3,845.0,906,97.8,99.1,38.0,41.0,6.1,6.0,19.2,18.3,67.1,65.0,13.7,16.7,0.6,0.7,190,22.1,"32,000","33,546",4.8,2.5,98.2,95.6,21.8
292.0,43UK,E07000215,Tandridge,Surrey,South East,"74,900","79,300","82,998",5.9,4.7,320.0,334,92.9,93.7,40.0,43.0,5.9,5.9,18.9,18.1,64.3,63.4,16.8,18.5,0.8,1.1,135,16.3,"32,000","33,342",4.2,2.4,92.8,94.9,17.3
320.0,43UL,E07000216,Waverley,Surrey,South East,"115,100","115,700","121,572",0.5,5.1,335.0,352,94.3,95.3,40.0,42.0,5.7,6.0,18.1,18.4,64.2,62.0,17.6,19.6,1.0,1.2,350,28.8,"47,000","49,280",4.9,2.4,96.3,95.9,17.5
338.0,43UM,E07000217,Woking,Surrey,South East,"86,600","89,900","99,198",3.8,10.3,1414.0,"1,560",95.4,98.2,37.0,38.0,6.3,7.3,19.4,19.0,66.3,66.0,14.5,15.0,0.7,0.8,388,39.1,"37,000","39,467",6.7,2.5,96.8,95.3,20.5
1.0,45UB,E07000223,Adur,West Sussex,South East,"58,500","59,700","61,182",2.1,2.5,1429.0,"1,463",90.7,93.2,42.0,44.0,5.4,5.8,17.8,16.1,60.6,62.0,21.6,22.0,1.2,1.1,85,13.9,"26,000","26,957",3.7,2.2,96.4,96.1,14.7
4.0,45UC,E07000224,Arun,West Sussex,South East,"130,500","141,000","149,518",8.0,6.0,639.0,677,89.0,91.2,45.0,47.0,5.0,4.9,16.1,14.6,58.1,59.1,26.0,26.3,1.5,1.6,164,11.0,"63,000","66,706",5.9,2.2,95.8,96.7,13.1
63.0,45UD,E07000225,Chichester,West Sussex,South East,"101,800","106,500","113,794",4.6,6.8,135.0,145,89.5,91.6,44.0,46.0,5.0,5.0,16.6,15.3,60.4,60.2,23.0,24.5,1.2,1.3,388,34.1,"46,000","49,848",8.4,2.2,97.0,97.0,13.4
77.0,45UE,E07000226,Crawley,West Sussex,South East,"88,300","100,400","106,597",13.7,6.2,2233.0,"2,370",97.6,97.8,35.0,35.0,6.7,7.6,19.9,19.5,65.6,67.9,14.6,12.6,0.4,0.6,255,23.9,"40,000","42,727",6.8,2.5,90.5,94.5,20.2
142.0,45UF,E07000227,Horsham,West Sussex,South East,"109,700","122,300","131,301",11.5,7.4,231.0,248,94.4,94.5,40.0,44.0,6.0,5.4,19.3,17.4,63.9,63.1,16.6,19.5,0.8,1.0,179,13.6,"50,000","54,923",9.8,2.3,96.8,96.7,16.0
180.0,45UG,E07000228,Mid Sussex,West Sussex,South East,"124,000","127,400","139,860",2.7,9.8,381.0,419,94.2,95.9,40.0,42.0,6.0,6.0,18.8,18.1,64.6,63.8,16.6,18.1,0.9,1.1,247,17.7,"52,000","57,409",10.4,2.4,97.1,94.6,16.6
342.0,45UH,E07000229,Worthing,West Sussex,South East,"97,200","97,700","104,640",0.5,7.1,3008.0,"3,221",88.4,92.9,41.0,42.0,5.4,6.1,17.2,16.7,59.7,62.7,23.0,20.6,1.7,1.5,116,11.1,"44,000","47,044",6.9,2.2,96.7,95.4,16.3
16.0,00HA,E06000022,Bath and North East Somerset UA,Somerset,South West,"163,100","169,200","176,016",3.7,4.0,490.0,509,94.6,95.7,39.0,40.0,5.3,5.2,17.0,15.6,65.1,66.3,17.8,18.1,0.8,0.9,"1,053",59.8,"71,000","73,515",3.5,2.3,94.7,96.0,14.5
36.0,00HB,E06000023,"Bristol, City of UA",Bristol,South West,"392,200","390,000","428,234",-0.6,9.8,3558.0,"3,907",96.6,99.0,34.0,33.0,6.0,6.9,17.6,17.3,67.6,69.6,14.8,13.0,0.6,0.7,"2,216",51.7,"165,000","182,747",10.8,2.3,93.4,93.0,18.4
200.0,00HC,E06000024,North Somerset UA,Somerset,South West,"179,200","188,800","202,566",5.4,7.3,505.0,542,94.5,94.6,42.0,44.0,5.5,5.8,17.7,16.9,62.9,62.0,19.3,21.0,1.0,1.2,134,6.6,"80,000","88,227",10.3,2.3,94.9,97.0,15.1
256.0,00HD,E06000025,South Gloucestershire UA,Gloucestershire,South West,"222,200","246,000","262,767",10.7,6.8,495.0,529,97.7,98.5,37.0,40.0,6.2,6.1,19.5,17.7,66.0,65.4,14.4,16.9,0.5,0.7,404,15.4,"99,000","107,538",8.6,2.4,97.7,96.3,16.7
215.0,00HG,E06000026,Plymouth UA,Devon,South West,"251,200","241,000","256,384",-4.1,6.4,3020.0,"3,214",95.5,97.7,37.0,38.0,5.4,6.0,18.2,16.4,65.9,67.4,16.0,16.3,0.7,0.8,536,20.9,"103,000","109,307",6.1,2.3,95.3,93.5,15.0
304.0,00HH,E06000027,Torbay UA,Devon,South West,"122,000","130,000","130,959",6.6,0.7,2067.0,"2,082",91.0,93.0,44.0,46.0,4.8,5.1,16.8,15.3,60.6,61.1,22.5,23.6,1.4,1.4,101,7.7,"58,000","59,010",1.7,2.2,93.9,95.6,13.0
27.0,00HN,E06000028,Bournemouth UA,Dorset,South West,"157,300","163,600","183,491",4.0,12.2,3543.0,"3,974",92.4,99.2,39.0,38.0,5.0,5.6,15.6,14.5,63.3,67.9,20.9,17.6,1.3,1.3,"1,438",78.4,"72,000","82,374",14.4,2.2,94.6,93.1,17.8
216.0,00HP,E06000029,Poole UA,Dorset,South West,"134,000","138,400","147,645",3.3,6.7,2137.0,"2,280",91.4,95.5,41.0,42.0,5.2,5.7,17.3,16.2,62.4,63.3,20.2,20.4,1.0,1.2,322,21.8,"59,000","63,530",7.7,2.3,97.1,95.1,15.4
289.0,00HX,E06000030,Swindon UA,Wiltshire,South West,"171,500","180,100","209,156",5.0,16.1,783.0,909,98.9,100.1,36.0,38.0,6.3,6.7,19.7,18.5,66.5,67.7,13.8,13.8,0.5,0.6,392,18.7,"75,000","88,360",17.8,2.4,98.2,95.1,20.0
72.0,00HE,E06000052,Cornwall UA,Cornwall and Scilly,South West,"469,500","500,000","532,273",6.5,6.5,141.0,150,93.7,93.9,43.0,45.0,5.2,5.1,17.3,15.7,62.7,62.7,20.1,21.7,0.9,1.0,382,7.2,"215,000","230,389",7.2,2.3,95.0,95.0,12.8
149.0,00HF,E06000053,Isles of Scilly UA,Cornwall and Scilly,South West,"2,000","2,100","2,203",5.0,4.9,128.0,135,100.0,100.1,47.0,46.0,4.8,4.8,14.3,14.7,57.1,62.3,19.0,23.0,0.0,1.5,10,45.4,"1,000",989,-1.1,2.1,95.5,95.5,13.0
334.0,00HY,E06000054,Wiltshire UA,Wiltshire,South West,"398,700","433,500","470,981",8.7,8.6,133.0,145,97.2,96.9,39.0,42.0,6.1,6.0,19.2,18.0,64.3,63.8,16.4,18.2,0.7,0.9,532,11.3,"177,000","194,194",9.7,2.4,97.1,95.8,15.3
91.0,18UB,E07000040,East Devon,Devon,South West,"117,700","125,700","132,457",6.8,5.4,154.0,163,89.3,91.6,48.0,49.0,4.4,4.4,15.3,14.3,57.8,57.5,26.9,28.2,1.5,1.7,82,6.2,"55,000","59,071",7.4,2.2,98.2,97.1,10.8
107.0,18UC,E07000041,Exeter,Devon,South West,"104,800","111,200","117,773",6.1,5.9,2365.0,"2,504",94.4,94.5,36.0,35.0,5.0,5.7,16.0,15.0,68.0,69.5,16.2,15.5,0.8,0.9,"1,255",106.6,"47,000","49,242",4.8,2.3,93.6,95.6,14.1
178.0,18UD,E07000042,Mid Devon,Devon,South West,"64,700","69,900","77,750",8.0,11.2,77.0,85,95.8,95.9,41.0,44.0,5.4,5.8,18.3,17.3,62.9,62.3,18.6,20.4,0.9,1.0,61,7.8,"29,000","32,758",13.0,2.3,97.8,96.7,11.8
192.0,18UE,E07000043,North Devon,Devon,South West,"85,000","87,700","93,667",3.2,6.8,81.0,86,94.5,94.7,43.0,45.0,5.0,5.4,17.7,16.1,62.3,61.7,20.3,22.2,0.9,1.2,72,7.7,"37,000","40,001",8.1,2.3,98.8,97.5,10.9
257.0,18UG,E07000044,South Hams,Devon,South West,"78,100","81,900","83,140",4.9,1.5,92.0,94,93.9,93.2,44.0,48.0,4.8,4.4,17.1,14.7,62.0,61.5,21.0,23.8,1.0,1.2,127,15.3,"35,000","36,858",5.3,2.2,98.4,97.1,12.2
294.0,18UH,E07000045,Teignbridge,Devon,South West,"109,400","121,200","124,220",10.8,2.5,180.0,184,91.9,94.0,44.0,47.0,5.0,4.8,17.2,15.3,60.6,61.4,21.9,23.4,1.1,1.3,61,4.9,"52,000","54,003",3.9,2.2,96.8,97.7,12.2
306.0,18UK,E07000046,Torridge,Devon,South West,"52,800","59,100","63,839",11.9,8.0,60.0,65,95.7,95.4,44.0,47.0,4.7,4.9,17.1,15.3,62.4,61.3,20.6,23.5,1.0,1.0,47,7.4,"25,000","27,986",11.9,2.2,95.9,97.6,11.5
325.0,18UL,E07000047,West Devon,Devon,South West,"46,100","48,900","53,553",6.1,9.5,42.0,46,96.4,95.2,44.0,47.0,4.7,4.8,17.0,15.4,63.4,61.4,20.0,23.1,1.0,1.2,36,6.7,"20,000","22,725",13.6,2.3,96.0,97.9,11.7
66.0,19UC,E07000048,Christchurch,Dorset,South West,"41,400","44,900","47,752",8.5,6.4,891.0,948,89.5,91.9,49.0,49.0,4.2,4.5,14.7,14.5,55.9,55.8,29.6,29.7,1.3,1.8,32,6.7,"21,000","21,475",2.3,2.2,97.8,96.2,13.1
92.0,19UD,E07000049,East Dorset,Dorset,South West,"78,700","83,900","87,166",6.6,3.9,237.0,246,91.1,92.9,47.0,49.0,4.4,4.3,15.9,14.4,58.9,57.7,25.3,27.9,1.0,1.5,73,8.4,"36,000","37,564",4.3,2.3,98.2,97.4,14.2
193.0,19UE,E07000050,North Dorset,Dorset,South West,"53,600","62,000","68,583",15.7,10.6,102.0,113,99.4,99.6,41.0,44.0,5.0,5.3,18.2,16.7,61.5,61.8,19.8,21.6,0.8,1.1,173,25.2,"25,000","28,670",14.7,2.3,98.0,96.6,13.6
220.0,19UG,E07000051,Purbeck,Dorset,South West,"43,300","44,400","44,973",2.5,1.3,110.0,111,93.9,96.0,44.0,47.0,4.7,4.7,17.1,15.0,61.3,60.6,21.6,24.3,0.9,1.1,25,5.6,"19,000","19,583",3.1,2.3,96.2,97.3,11.5
326.0,19UH,E07000052,West Dorset,Dorset,South West,"86,200","92,500","99,264",7.3,7.3,86.0,92,91.5,92.6,46.0,49.0,4.8,4.4,16.4,14.5,59.1,59.0,24.3,26.5,1.1,1.5,154,15.5,"41,000","44,386",8.3,2.2,98.6,97.4,10.5
332.0,19UJ,E07000053,Weymouth and Portland,Dorset,South West,"62,000","63,800","65,167",2.9,2.1,1528.0,"1,560",96.6,99.1,41.0,44.0,5.0,5.1,17.2,15.6,63.6,63.6,19.4,20.9,0.9,1.0,56,8.6,"27,000","28,535",5.7,2.2,96.2,95.2,12.4
58.0,23UB,E07000078,Cheltenham,Gloucestershire,South West,"107,000","110,000","115,732",2.8,5.2,2360.0,"2,482",94.3,95.4,37.0,38.0,5.4,5.6,17.1,15.9,65.5,67.4,17.5,16.7,0.8,1.0,435,37.6,"48,000","50,929",6.1,2.2,92.1,94.8,15.7
73.0,23UC,E07000079,Cotswold,Gloucestershire,South West,"74,800","80,400","82,881",7.5,3.1,69.0,71,94.7,93.8,42.0,46.0,5.3,4.7,17.4,15.4,62.3,62.2,19.9,22.3,0.9,1.2,176,21.2,"34,000","36,236",6.6,2.2,96.1,96.7,13.3
112.0,23UD,E07000080,Forest of Dean,Gloucestershire,South West,"75,800","80,100","81,961",5.7,2.3,152.0,156,95.4,96.6,41.0,45.0,5.7,4.9,18.4,15.8,64.0,63.5,17.2,20.7,0.6,0.9,79,9.6,"33,000","34,167",3.5,2.3,97.7,96.6,12.6
116.0,23UE,E07000081,Gloucester,Gloucestershire,South West,"103,500","109,900","121,688",6.2,10.7,2712.0,"3,001",96.6,97.6,36.0,38.0,6.6,6.8,20.6,18.6,64.6,66.6,15.1,14.8,0.5,0.6,177,14.5,"46,000","50,363",9.5,2.4,96.9,95.0,16.3
282.0,23UF,E07000082,Stroud,Gloucestershire,South West,"104,100","108,100","112,779",3.8,4.3,235.0,245,96.4,96.9,41.0,44.0,5.6,5.4,18.8,16.9,63.7,63.6,17.6,19.5,0.8,0.9,104,9.2,"45,000","47,794",6.2,2.3,97.6,96.2,13.4
298.0,23UG,E07000083,Tewkesbury,Gloucestershire,South West,"70,700","76,500","81,943",8.2,7.1,185.0,198,94.7,95.7,41.0,44.0,5.6,5.6,18.3,16.6,64.2,63.2,17.6,20.1,0.7,0.9,91,11.1,"32,000","35,126",9.8,2.3,97.8,96.5,14.7
175.0,40UB,E07000187,Mendip,Somerset,South West,"97,400","104,000","109,279",6.8,5.1,141.0,148,95.5,95.5,40.0,43.0,5.7,5.4,19.0,17.2,63.8,63.3,17.3,19.5,0.9,1.0,136,12.4,"43,000","46,157",7.3,2.3,96.6,96.7,13.7
244.0,40UC,E07000188,Sedgemoor,Somerset,South West,"98,600","106,000","114,588",7.5,8.1,188.0,203,95.0,95.7,41.0,44.0,5.5,5.5,18.3,16.7,62.5,62.8,19.2,20.5,0.8,1.0,79,6.9,"45,000","48,801",8.4,2.3,97.1,96.5,13.6
265.0,40UD,E07000189,South Somerset,Somerset,South West,"142,600","151,100","161,243",6.0,6.7,158.0,168,95.6,96.3,41.0,44.0,5.6,5.4,18.2,16.5,62.0,61.9,19.7,21.6,0.9,1.1,176,10.9,"64,000","69,501",8.6,2.3,97.6,96.6,13.5
293.0,40UE,E07000190,Taunton Deane,Somerset,South West,"95,200","102,600","110,187",7.8,7.4,222.0,238,92.7,93.6,40.0,43.0,5.4,5.7,17.9,16.8,62.8,63.2,19.1,20.0,0.9,1.2,202,18.3,"44,000","46,907",6.6,2.3,96.6,95.9,12.1
330.0,40UF,E07000191,West Somerset,Somerset,South West,"31,900","35,100","34,675",10.0,-1.2,48.0,48,90.2,91.6,48.0,51.0,4.6,4.2,15.1,12.9,58.7,58.1,26.5,29.1,1.1,1.5,58,16.7,"16,000","15,623",-2.4,2.1,93.2,96.8,10.7
147.0,00NA,W06000001,Isle of Anglesey,Gwynedd,Wales,"69,100","67,800","69,751",-1.9,2.9,95.0,98,93.7,96.6,42.0,45.0,5.3,5.6,18.1,15.9,62.8,61.7,18.9,22.4,0.7,1.1,148,21.2,"28,800","30,594",6.2,2.3,92.0,93.4,13.0
122.0,00NC,W06000002,Gwynedd,Gwynedd,Wales,"115,000","116,800","121,874",1.6,4.3,46.0,48,92.1,96.7,40.0,42.0,5.8,5.6,18.2,16.1,62.8,63.3,18.9,20.6,0.8,1.0,728,59.7,"49,300","52,473",6.4,2.2,90.3,92.9,12.1
69.0,00NE,W06000003,Conwy,Clwyd,Wales,"108,000","109,700","115,228",1.6,5.0,97.0,102,90.8,93.7,44.0,46.0,5.1,5.1,17.0,15.4,59.6,60.1,23.2,24.4,1.3,1.3,81,7.0,"48,100","51,177",6.4,2.2,94.3,93.1,11.6
83.0,00NG,W06000004,Denbighshire,Clwyd,Wales,"89,400","93,100","93,734",4.1,0.7,111.0,112,92.0,96.3,41.0,44.0,5.5,5.7,18.3,16.8,61.5,62.2,20.2,21.0,1.0,1.0,60,6.4,"39,900","40,546",1.6,2.3,91.1,93.8,12.1
110.0,00NJ,W06000005,Flintshire,Clwyd,Wales,"142,000","148,600","152,506",4.6,2.6,339.0,348,96.3,97.4,38.0,41.0,5.9,6.1,19.2,17.5,65.7,64.9,14.9,17.6,0.6,0.7,57,3.7,"60,600","63,781",5.2,2.4,94.2,93.6,14.6
343.0,00NL,W06000006,Wrexham,Clwyd,Wales,"124,200","128,500","134,844",3.5,4.9,255.0,268,95.4,98.9,38.0,40.0,5.8,6.5,18.4,17.9,65.6,65.1,16.0,16.9,0.6,0.8,362,26.8,"53,200","57,029",7.2,2.3,90.9,93.3,14.1
55.0,00NQ,W06000008,Ceredigion,Dyfed,Wales,"65,900","75,400","75,922",14.4,0.7,42.0,43,95.3,99.1,40.0,42.0,4.6,4.6,15.9,13.8,65.4,65.5,18.7,20.7,0.8,1.0,285,37.5,"31,200","31,562",1.2,2.3,85.6,92.8,11.4
212.0,00NS,W06000009,Pembrokeshire,Dyfed,Wales,"112,400","113,100","122,439",0.6,8.3,71.0,76,92.7,95.5,42.0,45.0,5.9,5.5,19.3,16.8,61.7,61.4,19.1,21.8,0.7,1.0,187,15.3,"47,700","53,122",11.4,2.3,95.8,94.0,11.5
52.0,00NU,W06000010,Carmarthenshire,Dyfed,Wales,"169,700","173,700","183,777",2.4,5.8,73.0,78,92.8,95.6,41.0,44.0,5.4,5.6,18.1,16.7,62.3,62.5,19.4,20.8,0.7,0.9,152,8.3,"73,500","78,829",7.3,2.3,93.2,93.7,11.1
288.0,00NX,W06000011,Swansea,West Glamorgan,Wales,"229,700","223,500","239,023",-2.7,6.9,591.0,632,93.8,97.6,39.0,39.0,5.4,5.5,17.6,16.2,64.2,65.9,18.3,17.9,0.7,0.8,967,40.5,"94,500","103,497",9.5,2.3,93.7,92.4,15.0
185.0,00NZ,W06000012,Neath Port Talbot,West Glamorgan,Wales,"138,800","134,400","139,812",-3.2,4.0,305.0,317,93.4,95.9,40.0,42.0,5.4,5.4,18.2,16.4,63.5,65.0,18.2,18.6,0.7,0.8,45,3.2,"57,500","60,393",5.0,2.3,96.1,93.1,11.1
34.0,00PB,W06000013,Bridgend,Mid Glamorgan,Wales,"129,500","128,700","139,178",-0.6,8.1,513.0,555,94.4,97.7,39.0,41.0,5.9,5.6,19.1,17.0,64.4,65.1,16.6,17.9,0.5,0.7,64,4.6,"53,400","58,515",9.6,2.3,97.4,93.8,13.4
300.0,00PD,W06000014,The Vale of Glamorgan,South Glamorgan,Wales,"118,100","119,300","126,336",1.0,5.9,361.0,382,92.7,94.9,39.0,42.0,6.1,5.8,20.0,17.5,63.3,64.2,16.7,18.2,0.7,0.8,58,4.6,"48,700","53,505",9.9,2.3,95.5,93.1,13.1
50.0,00PT,W06000015,Cardiff,South Glamorgan,Wales,"296,900","310,100","346,090",4.4,11.6,2233.0,"2,467",92.6,96.4,34.0,33.0,6.1,6.5,19.2,17.0,66.3,69.8,14.5,13.2,0.5,0.6,"2,968",85.8,"125,800","142,557",13.3,2.3,92.8,92.5,18.2
226.0,00PF,W06000016,Rhondda Cynon Taf,Mid Glamorgan,Wales,"234,900","231,900","234,410",-1.3,1.1,547.0,553,94.1,95.7,38.0,40.0,6.0,6.2,19.4,17.7,64.2,65.2,16.3,17.1,0.5,0.7,437,18.6,"94,600","99,663",5.4,2.3,94.5,93.6,12.4
44.0,00PK,W06000018,Caerphilly,Gwent,Wales,"170,600","169,500","178,806",-0.6,5.5,611.0,645,94.9,96.3,37.0,40.0,6.3,6.3,20.2,18.3,64.5,65.2,15.3,16.5,0.5,0.6,22,1.2,"69,400","74,479",7.3,2.4,97.3,93.2,13.4
23.0,00PL,W06000019,Blaenau Gwent,Gwent,Wales,"72,700","70,000","69,814",-3.7,-0.3,644.0,642,93.9,96.7,38.0,41.0,5.6,5.8,19.9,16.7,63.3,65.5,17.1,17.9,0.7,0.7,41,5.9,"29,600","30,416",2.8,2.3,95.4,92.8,9.5
305.0,00PM,W06000020,Torfaen,Gwent,Wales,"91,000","90,900","91,075",-0.1,0.2,723.0,725,93.8,95.1,39.0,41.0,5.7,5.9,19.9,17.6,63.3,64.4,16.8,18.0,0.6,0.8,17,1.9,"37,600","38,524",2.5,2.3,93.8,93.1,14.3
184.0,00PP,W06000021,Monmouthshire,Gwent,Wales,"80,200","85,000","91,323",6.0,7.4,100.0,108,95.4,96.8,41.0,45.0,5.3,5.1,18.7,16.5,63.3,62.6,18.0,20.9,0.7,1.0,65,7.1,"35,200","38,233",8.6,2.3,98.0,94.2,13.7
191.0,00PR,W06000022,Newport,Gwent,Wales,"135,500","137,600","145,736",1.5,5.9,723.0,765,93.1,96.0,37.0,38.0,6.5,6.5,20.9,18.9,63.1,64.8,16.1,16.3,0.6,0.7,327,22.4,"56,800","61,172",7.7,2.4,92.6,92.5,15.9
218.0,00NN,W06000023,Powys,Powys,Wales,"119,700","126,400","132,976",5.6,5.2,24.0,26,97.8,97.6,43.0,46.0,5.3,4.9,18.1,15.9,61.8,61.3,20.0,22.7,0.8,1.1,70,5.3,"53,900","58,345",8.2,2.2,94.0,94.4,10.6
176.0,00PH,W06000024,Merthyr Tydfil,Mid Glamorgan,Wales,"59,600","56,200","58,802",-5.7,4.6,508.0,528,93.8,95.9,38.0,40.0,5.7,6.2,19.8,17.4,63.7,66.0,16.2,16.7,0.5,0.7,36,6.1,"23,200","24,264",4.6,2.4,95.5,93.2,12.0
,,,,,,,,,,,,,,,,,,,,,,,,,,,,,,,,,,,
