"CASSR.Code" "CASSR.Name" "Outcome" "Year" "Current.LA.code" "Local.authority" "County"
102 "Cumbria" "19.5" 2011 "E07000026" "Allerdale" "Cumbria"
102 "Cumbria" "19.5" 2011 "E07000027" "Barrow-in-Furness" "Cumbria"
102 "Cumbria" "19.5" 2011 "E07000028" "Carlisle" "Cumbria"
102 "Cumbria" "19.5" 2011 "E07000029" "Copeland" "Cumbria"
102 "Cumbria" "19.5" 2011 "E07000030" "Eden" "Cumbria"
102 "Cumbria" "19.5" 2011 "E07000031" "South Lakeland" "Cumbria"
104 "Northumberland" "18.4" 2011 "E06000048" "Northumberland UA" "Northumberland"
106 "Gateshead" "19.1" 2011 "E08000020" "Gateshead" "Tyne and Wear"
107 "Newcastle upon Tyne" "18.9" 2011 "E08000021" "Newcastle upon Tyne" "Tyne and Wear"
108 "North Tyneside" "18.8" 2011 "E08000022" "North Tyneside" "Tyne and Wear"
109 "South Tyneside" "18.6" 2011 "E08000023" "South Tyneside" "Tyne and Wear"
110 "Sunderland" "19.0" 2011 "E08000024" "Sunderland" "Tyne and Wear"
111 "Hartlepool" "19.3" 2011 "E06000001" "Hartlepool UA" "Durham"
112 "Middlesbrough" "19.7" 2011 "E06000002" "Middlesbrough UA" "North Yorkshire"
113 "Redcar and Cleveland" "18.5" 2011 "E06000003" "Redcar and Cleveland UA" "North Yorkshire"
114 "Stockton-on-Tees" "18.8" 2011 "E06000004" "Stockton-on-Tees UA" "Durham"
116 "Durham" "19.1" 2011 "E06000047" "County Durham UA" "Durham"
117 "Darlington" "19.2" 2011 "E06000005" "Darlington UA" "Durham"
204 "Barnsley" "18.9" 2011 "E08000016" "Barnsley" "South Yorkshire"
205 "Doncaster" "19.5" 2011 "E08000017" "Doncaster" "South Yorkshire"
206 "Rotherham" "19.1" 2011 "E08000018" "Rotherham" "South Yorkshire"
207 "Sheffield" "18.3" 2011 "E08000019" "Sheffield" "South Yorkshire"
209 "Bradford" "18.5" 2011 "E08000032" "Bradford" "West Yorkshire"
210 "Calderdale" "19.4" 2011 "E08000033" "Calderdale" "West Yorkshire"
211 "Kirklees" "18.5" 2011 "E08000034" "Kirklees" "West Yorkshire"
212 "Leeds" "18.9" 2011 "E08000035" "Leeds" "West Yorkshire"
213 "Wakefield" "19.1" 2011 "E08000036" "Wakefield" "West Yorkshire"
214 "East Riding of Yorkshire" "19.4" 2011 "E06000011" "East Riding of Yorkshire UA" "East Riding of Yorkshire"
215 "Kingston upon Hull" "19.2" 2011 "E06000010" "Kingston upon Hull, City of UA" "East Riding of Yorkshire"
216 "North East Lincolnshire" "18.9" 2011 "E06000012" "North East Lincolnshire UA" "Lincolnshire"
217 "North Lincolnshire" "19.6" 2011 "E06000013" "North Lincolnshire UA" "Lincolnshire"
218 "North Yorkshire" "19.0" 2011 "E07000163" "Craven" "North Yorkshire"
218 "North Yorkshire" "19.0" 2011 "E07000164" "Hambleton" "North Yorkshire"
218 "North Yorkshire" "19.0" 2011 "E07000165" "Harrogate" "North Yorkshire"
218 "North Yorkshire" "19.0" 2011 "E07000166" "Richmondshire" "North Yorkshire"
218 "North Yorkshire" "19.0" 2011 "E07000167" "Ryedale" "North Yorkshire"
218 "North Yorkshire" "19.0" 2011 "E07000168" "Scarborough" "North Yorkshire"
218 "North Yorkshire" "19.0" 2011 "E07000169" "Selby" "North Yorkshire"
219 "York" "18.9" 2011 "E06000014" "York UA" "North Yorkshire"
304 "Bolton" "19.0" 2011 "E08000001" "Bolton" "Greater Manchester"
305 "Bury" "19.3" 2011 "E08000002" "Bury" "Greater Manchester"
306 "Manchester" "18.4" 2011 "E08000003" "Manchester" "Greater Manchester"
307 "Oldham" "18.1" 2011 "E08000004" "Oldham" "Greater Manchester"
308 "Rochdale" "18.6" 2011 "E08000005" "Rochdale" "Greater Manchester"
309 "Salford" "18.6" 2011 "E08000006" "Salford" "Greater Manchester"
310 "Stockport" "18.3" 2011 "E08000007" "Stockport" "Greater Manchester"
311 "Tameside" "17.9" 2011 "E08000008" "Tameside" "Greater Manchester"
312 "Trafford" "18.1" 2011 "E08000009" "Trafford" "Greater Manchester"
313 "Wigan" "18.6" 2011 "E08000010" "Wigan" "Greater Manchester"
315 "Knowsley" "18.8" 2011 "E08000011" "Knowsley" "Merseyside"
316 "Liverpool" "19.0" 2011 "E08000012" "Liverpool" "Merseyside"
317 "Sefton" "19.4" 2011 "E08000014" "Sefton" "Merseyside"
318 "St. Helens" "19.3" 2011 "E08000013" "St. Helens" "Merseyside"
319 "Wirral" "18.9" 2011 "E08000015" "Wirral" "Merseyside"
321 "Halton" "18.9" 2011 "E06000006" "Halton UA" "Cheshire"
322 "Warrington" "18.5" 2011 "E06000007" "Warrington UA" "Cheshire"
323 "Lancashire" "19.2" 2011 "E07000117" "Burnley" "Lancashire"
323 "Lancashire" "19.2" 2011 "E07000118" "Chorley" "Lancashire"
323 "Lancashire" "19.2" 2011 "E07000119" "Fylde" "Lancashire"
323 "Lancashire" "19.2" 2011 "E07000120" "Hyndburn" "Lancashire"
323 "Lancashire" "19.2" 2011 "E07000121" "Lancaster" "Lancashire"
323 "Lancashire" "19.2" 2011 "E07000122" "Pendle" "Lancashire"
323 "Lancashire" "19.2" 2011 "E07000123" "Preston" "Lancashire"
323 "Lancashire" "19.2" 2011 "E07000124" "Ribble Valley" "Lancashire"
323 "Lancashire" "19.2" 2011 "E07000125" "Rossendale" "Lancashire"
323 "Lancashire" "19.2" 2011 "E07000126" "South Ribble" "Lancashire"
323 "Lancashire" "19.2" 2011 "E07000127" "West Lancashire" "Lancashire"
323 "Lancashire" "19.2" 2011 "E07000128" "Wyre" "Lancashire"
324 "Blackburn with Darwen" "19.0" 2011 "E06000008" "Blackburn with Darwen UA" "Lancashire"
325 "Blackpool" "19.0" 2011 "E06000009" "Blackpool UA" "Lancashire"
326 "Cheshire East" "18.8" 2011 "E06000049" "Cheshire East UA" "Cheshire"
327 "Cheshire West & Chester" "18.9" 2011 NA NA NA
404 "Warwickshire" "18.5" 2011 "E07000218" "North Warwickshire" "Warwickshire"
404 "Warwickshire" "18.5" 2011 "E07000219" "Nuneaton and Bedworth" "Warwickshire"
404 "Warwickshire" "18.5" 2011 "E07000220" "Rugby" "Warwickshire"
404 "Warwickshire" "18.5" 2011 "E07000221" "Stratford-on-Avon" "Warwickshire"
404 "Warwickshire" "18.5" 2011 "E07000222" "Warwick" "Warwickshire"
406 "Birmingham" "18.6" 2011 "E08000025" "Birmingham" "West Midlands"
407 "Coventry" "18.5" 2011 "E08000026" "Coventry" "West Midlands"
408 "Dudley" "18.9" 2011 "E08000027" "Dudley" "West Midlands"
409 "Sandwell" "18.7" 2011 "E08000028" "Sandwell" "West Midlands"
410 "Solihull" "18.1" 2011 "E08000029" "Solihull" "West Midlands"
411 "Walsall" "18.4" 2011 "E08000030" "Walsall" "West Midlands"
412 "Wolverhampton" "19.1" 2011 "E08000031" "Wolverhampton" "West Midlands"
413 "Staffordshire" "18.5" 2011 "E07000192" "Cannock Chase" "Staffordshire"
413 "Staffordshire" "18.5" 2011 "E07000193" "East Staffordshire" "Staffordshire"
413 "Staffordshire" "18.5" 2011 "E07000194" "Lichfield" "Staffordshire"
413 "Staffordshire" "18.5" 2011 "E07000195" "Newcastle-under-Lyme" "Staffordshire"
413 "Staffordshire" "18.5" 2011 "E07000196" "South Staffordshire" "Staffordshire"
413 "Staffordshire" "18.5" 2011 "E07000197" "Stafford" "Staffordshire"
413 "Staffordshire" "18.5" 2011 "E07000198" "Staffordshire Moorlands" "Staffordshire"
413 "Staffordshire" "18.5" 2011 "E07000199" "Tamworth" "Staffordshire"
414 "Stoke-on-Trent" "18.8" 2011 "E06000021" "Stoke-on-Trent UA" "Staffordshire"
415 "Herefordshire" "19.2" 2011 "E06000019" "Herefordshire, County of UA" "Hereforshire"
416 "Worcestershire" "18.8" 2011 "E07000234" "Bromsgrove" "Worcestershire"
416 "Worcestershire" "18.8" 2011 "E07000235" "Malvern Hills" "Worcestershire"
416 "Worcestershire" "18.8" 2011 "E07000236" "Redditch" "Worcestershire"
416 "Worcestershire" "18.8" 2011 "E07000237" "Worcester" "Worcestershire"
416 "Worcestershire" "18.8" 2011 "E07000238" "Wychavon" "Worcestershire"
416 "Worcestershire" "18.8" 2011 "E07000239" "Wyre Forest" "Worcestershire"
417 "Shropshire" "19.1" 2011 "E06000051" "Shropshire UA" "Shropshire"
418 "Telford and the Wrekin" "18.0" 2011 "E06000020" "Telford and Wrekin UA" "Shropshire"
503 "Lincolnshire" "18.9" 2011 "E07000136" "Boston" "Lincolnshire"
503 "Lincolnshire" "18.9" 2011 "E07000137" "East Lindsey" "Lincolnshire"
503 "Lincolnshire" "18.9" 2011 "E07000138" "Lincoln" "Lincolnshire"
503 "Lincolnshire" "18.9" 2011 "E07000139" "North Kesteven" "Lincolnshire"
503 "Lincolnshire" "18.9" 2011 "E07000140" "South Holland" "Lincolnshire"
503 "Lincolnshire" "18.9" 2011 "E07000141" "South Kesteven" "Lincolnshire"
503 "Lincolnshire" "18.9" 2011 "E07000142" "West Lindsey" "Lincolnshire"
504 "Northamptonshire" "19.2" 2011 "E07000150" "Corby" "Northamptonshire"
504 "Northamptonshire" "19.2" 2011 "E07000151" "Daventry" "Northamptonshire"
504 "Northamptonshire" "19.2" 2011 "E07000152" "East Northamptonshire" "Northamptonshire"
504 "Northamptonshire" "19.2" 2011 "E07000153" "Kettering" "Northamptonshire"
504 "Northamptonshire" "19.2" 2011 "E07000154" "Northampton" "Northamptonshire"
504 "Northamptonshire" "19.2" 2011 "E07000155" "South Northamptonshire" "Northamptonshire"
504 "Northamptonshire" "19.2" 2011 "E07000156" "Wellingborough" "Northamptonshire"
506 "Derbyshire" "18.5" 2011 "E07000032" "Amber Valley" "Derbyshire"
506 "Derbyshire" "18.5" 2011 "E07000033" "Bolsover" "Derbyshire"
506 "Derbyshire" "18.5" 2011 "E07000034" "Chesterfield" "Derbyshire"
506 "Derbyshire" "18.5" 2011 "E07000035" "Derbyshire Dales" "Derbyshire"
506 "Derbyshire" "18.5" 2011 "E07000036" "Erewash" "Derbyshire"
506 "Derbyshire" "18.5" 2011 "E07000037" "High Peak" "Derbyshire"
506 "Derbyshire" "18.5" 2011 "E07000038" "North East Derbyshire" "Derbyshire"
506 "Derbyshire" "18.5" 2011 "E07000039" "South Derbyshire" "Derbyshire"
507 "Derby" "18.4" 2011 "E06000015" "Derby UA" "Derbyshire"
508 "Leicestershire" "18.1" 2011 "E07000129" "Blaby" "Leicestershire"
508 "Leicestershire" "18.1" 2011 "E07000130" "Charnwood" "Leicestershire"
508 "Leicestershire" "18.1" 2011 "E07000131" "Harborough" "Leicestershire"
508 "Leicestershire" "18.1" 2011 "E07000132" "Hinckley and Bosworth" "Leicestershire"
508 "Leicestershire" "18.1" 2011 "E07000133" "Melton" "Leicestershire"
508 "Leicestershire" "18.1" 2011 "E07000134" "North West Leicestershire" "Leicestershire"
508 "Leicestershire" "18.1" 2011 "E07000135" "Oadby and Wigston" "Leicestershire"
509 "Leicester" "18.3" 2011 "E06000016" "Leicester UA" "Leicestershire"
510 "Rutland" "18.9" 2011 "E06000017" "Rutland UA" "Rutland"
511 "Nottinghamshire" "18.6" 2011 "E07000170" "Ashfield" "Nottinghamshire"
511 "Nottinghamshire" "18.6" 2011 "E07000171" "Bassetlaw" "Nottinghamshire"
511 "Nottinghamshire" "18.6" 2011 "E07000172" "Broxtowe" "Nottinghamshire"
511 "Nottinghamshire" "18.6" 2011 "E07000173" "Gedling" "Nottinghamshire"
511 "Nottinghamshire" "18.6" 2011 "E07000174" "Mansfield" "Nottinghamshire"
511 "Nottinghamshire" "18.6" 2011 "E07000175" "Newark and Sherwood" "Nottinghamshire"
511 "Nottinghamshire" "18.6" 2011 "E07000176" "Rushcliffe" "Nottinghamshire"
512 "Nottingham" "18.7" 2011 "E06000018" "Nottingham UA" "Nottinghamshire"
606 "Hertfordshire" "18.8" 2011 "E07000095" "Broxbourne" "Hertfordshire"
606 "Hertfordshire" "18.8" 2011 "E07000096" "Dacorum" "Hertfordshire"
606 "Hertfordshire" "18.8" 2011 "E07000097" "East Hertfordshire" "Hertfordshire"
606 "Hertfordshire" "18.8" 2011 "E07000098" "Hertsmere" "Hertfordshire"
606 "Hertfordshire" "18.8" 2011 "E07000099" "North Hertfordshire" "Hertfordshire"
606 "Hertfordshire" "18.8" 2011 "E07000100" "St Albans" "Hertfordshire"
606 "Hertfordshire" "18.8" 2011 "E07000101" "Stevenage" "Hertfordshire"
606 "Hertfordshire" "18.8" 2011 "E07000102" "Three Rivers" "Hertfordshire"
606 "Hertfordshire" "18.8" 2011 "E07000103" "Watford" "Hertfordshire"
606 "Hertfordshire" "18.8" 2011 "E07000104" "Welwyn Hatfield" "Hertfordshire"
607 "Norfolk" "18.1" 2011 "E07000143" "Breckland" "Norfolk"
607 "Norfolk" "18.1" 2011 "E07000144" "Broadland" "Norfolk"
607 "Norfolk" "18.1" 2011 "E07000145" "Great Yarmouth" "Norfolk"
607 "Norfolk" "18.1" 2011 "E07000146" "King’s Lynn and West Norfolk" "Norfolk"
607 "Norfolk" "18.1" 2011 "E07000147" "North Norfolk" "Norfolk"
607 "Norfolk" "18.1" 2011 "E07000148" "Norwich" "Norfolk"
607 "Norfolk" "18.1" 2011 "E07000149" "South Norfolk" "Norfolk"
608 "Oxfordshire" "18.8" 2011 "E07000177" "Cherwell" "Oxfordshire"
608 "Oxfordshire" "18.8" 2011 "E07000178" "Oxford" "Oxfordshire"
608 "Oxfordshire" "18.8" 2011 "E07000179" "South Oxfordshire" "Oxfordshire"
608 "Oxfordshire" "18.8" 2011 "E07000180" "Vale of White Horse" "Oxfordshire"
608 "Oxfordshire" "18.8" 2011 "E07000181" "West Oxfordshire" "Oxfordshire"
609 "Suffolk" "18.9" 2011 "E07000200" "Babergh" "Suffolk"
609 "Suffolk" "18.9" 2011 "E07000201" "Forest Heath" "Suffolk"
609 "Suffolk" "18.9" 2011 "E07000202" "Ipswich" "Suffolk"
609 "Suffolk" "18.9" 2011 "E07000203" "Mid Suffolk" "Suffolk"
609 "Suffolk" "18.9" 2011 "E07000204" "St Edmundsbury" "Suffolk"
609 "Suffolk" "18.9" 2011 "E07000205" "Suffolk Coastal" "Suffolk"
609 "Suffolk" "18.9" 2011 "E07000206" "Waveney" "Suffolk"
611 "Luton" "18.2" 2011 "E06000032" "Luton UA" "Bedforshire"
612 "Buckinghamshire" "18.5" 2011 "E07000004" "Aylesbury Vale" "Buckinghamshire"
612 "Buckinghamshire" "18.5" 2011 "E07000005" "Chiltern" "Buckinghamshire"
612 "Buckinghamshire" "18.5" 2011 "E07000006" "South Bucks" "Buckinghamshire"
612 "Buckinghamshire" "18.5" 2011 "E07000007" "Wycombe" "Buckinghamshire"
613 "Milton Keynes" "18.2" 2011 "E06000042" "Milton Keynes UA" "Buckinghamshire"
614 "Bracknell Forest" "18.4" 2011 "E06000036" "Bracknell Forest UA" "Berkshire"
615 "West Berkshire" "19.0" 2011 "E06000037" "West Berkshire UA" "Berkshire"
616 "Reading" "18.4" 2011 "E06000038" "Reading UA" "Berkshire"
617 "Slough" "18.0" 2011 "E06000039" "Slough UA" "Berkshire"
618 "Windsor and Maidenhead" "18.8" 2011 "E06000040" "Windsor and Maidenhead UA" "Berkshire"
619 "Wokingham" "18.3" 2011 "E06000041" "Wokingham UA" "Berkshire"
620 "Essex" "18.6" 2011 "E07000066" "Basildon" "Essex"
620 "Essex" "18.6" 2011 "E07000067" "Braintree" "Essex"
620 "Essex" "18.6" 2011 "E07000068" "Brentwood" "Essex"
620 "Essex" "18.6" 2011 "E07000069" "Castle Point" "Essex"
620 "Essex" "18.6" 2011 "E07000070" "Chelmsford" "Essex"
620 "Essex" "18.6" 2011 "E07000071" "Colchester" "Essex"
620 "Essex" "18.6" 2011 "E07000072" "Epping Forest" "Essex"
620 "Essex" "18.6" 2011 "E07000073" "Harlow" "Essex"
620 "Essex" "18.6" 2011 "E07000074" "Maldon" "Essex"
620 "Essex" "18.6" 2011 "E07000075" "Rochford" "Essex"
620 "Essex" "18.6" 2011 "E07000076" "Tendring" "Essex"
620 "Essex" "18.6" 2011 "E07000077" "Uttlesford" "Essex"
621 "Southend-on-Sea" "18.9" 2011 "E06000033" "Southend-on-Sea UA" "Essex"
622 "Thurrock" "18.6" 2011 "E06000034" "Thurrock UA" "Essex"
623 "Cambridgeshire" "19.0" 2011 "E07000008" "Cambridge" "Cambridgeshire"
623 "Cambridgeshire" "19.0" 2011 "E07000009" "East Cambridgeshire" "Cambridgeshire"
623 "Cambridgeshire" "19.0" 2011 "E07000010" "Fenland" "Cambridgeshire"
623 "Cambridgeshire" "19.0" 2011 "E07000011" "Huntingdonshire" "Cambridgeshire"
623 "Cambridgeshire" "19.0" 2011 "E07000012" "South Cambridgeshire" "Cambridgeshire"
624 "Peterborough" "18.8" 2011 "E06000031" "Peterborough UA" "Cambridgeshire"
625 "Bedford" "18.7" 2011 "E06000055" "Bedford UA" "Bedforshire"
626 "Central Bedfordshire" "18.3" 2011 "E06000056" "Central Bedfordshire UA" "Bedforshire"
702 "Camden" "17.6" 2011 "E09000007" "Camden" "Greater London"
703 "Greenwich" "18.0" 2011 "E09000011" "Greenwich" "Greater London"
704 "Hackney" "18.4" 2011 "E09000012" "Hackney" "Greater London"
705 "Hammersmith and Fulham" "18.0" 2011 "E09000013" "Hammersmith and Fulham" "Greater London"
706 "Islington" "18.1" 2011 "E09000019" "Islington" "Greater London"
707 "Kensington and Chelsea" "17.9" 2011 "E09000020" "Kensington and Chelsea" "Greater London"
708 "Lambeth" "17.4" 2011 "E09000022" "Lambeth" "Greater London"
709 "Lewisham" "17.7" 2011 "E09000023" "Lewisham" "Greater London"
710 "Southwark" "17.4" 2011 "E09000028" "Southwark" "Greater London"
711 "Tower Hamlets" "17.9" 2011 "E09000030" "Tower Hamlets" "Greater London"
712 "Wandsworth" "18.7" 2011 "E09000032" "Wandsworth" "Greater London"
713 "Westminster" "17.4" 2011 "E09000033" "Westminster" "Greater London"
714 "City of London" ".." 2011 "E09000001" "City of London" "Greater London"
716 "Barking and Dagenham" "19.5" 2011 "E09000002" "Barking and Dagenham" "Greater London"
717 "Barnet" "18.4" 2011 "E09000003" "Barnet" "Greater London"
718 "Bexley" "17.9" 2011 "E09000004" "Bexley" "Greater London"
719 "Brent" "17.5" 2011 "E09000005" "Brent" "Greater London"
720 "Bromley" "18.4" 2011 "E09000006" "Bromley" "Greater London"
721 "Croydon" "18.3" 2011 "E09000008" "Croydon" "Greater London"
722 "Ealing" "17.7" 2011 "E09000009" "Ealing" "Greater London"
723 "Enfield" "17.9" 2011 "E09000010" "Enfield" "Greater London"
724 "Haringey" "18.0" 2011 "E09000014" "Haringey" "Greater London"
725 "Harrow" "18.2" 2011 "E09000015" "Harrow" "Greater London"
726 "Havering" "17.9" 2011 "E09000016" "Havering" "Greater London"
727 "Hillingdon" "18.3" 2011 "E09000017" "Hillingdon" "Greater London"
728 "Hounslow" "17.5" 2011 "E09000018" "Hounslow" "Greater London"
729 "Kingston upon Thames" "18.3" 2011 "E09000021" "Kingston upon Thames" "Greater London"
730 "Merton" "17.6" 2011 "E09000024" "Merton" "Greater London"
731 "Newham" "17.9" 2011 "E09000025" "Newham" "Greater London"
732 "Redbridge" "19.4" 2011 "E09000026" "Redbridge" "Greater London"
733 "Richmond upon Thames" ".." 2011 "E09000027" "Richmond upon Thames" "Greater London"
734 "Sutton" "18.5" 2011 "E09000029" "Sutton" "Greater London"
735 "Waltham Forest" "17.7" 2011 "E09000031" "Waltham Forest" "Greater London"
803 "Isle of Wight" "19.1" 2011 "E06000046" "Isle of Wight UA" "Isle of Wight"
805 "Surrey" "19.1" 2011 "E07000207" "Elmbridge" "Surrey"
805 "Surrey" "19.1" 2011 "E07000208" "Epsom and Ewell" "Surrey"
805 "Surrey" "19.1" 2011 "E07000209" "Guildford" "Surrey"
805 "Surrey" "19.1" 2011 "E07000210" "Mole Valley" "Surrey"
805 "Surrey" "19.1" 2011 "E07000211" "Reigate and Banstead" "Surrey"
805 "Surrey" "19.1" 2011 "E07000212" "Runnymede" "Surrey"
805 "Surrey" "19.1" 2011 "E07000213" "Spelthorne" "Surrey"
805 "Surrey" "19.1" 2011 "E07000214" "Surrey Heath" "Surrey"
805 "Surrey" "19.1" 2011 "E07000215" "Tandridge" "Surrey"
805 "Surrey" "19.1" 2011 "E07000216" "Waverley" "Surrey"
805 "Surrey" "19.1" 2011 "E07000217" "Woking" "Surrey"
807 "West Sussex" "18.4" 2011 "E07000223" "Adur" "West Sussex"
807 "West Sussex" "18.4" 2011 "E07000224" "Arun" "West Sussex"
807 "West Sussex" "18.4" 2011 "E07000225" "Chichester" "West Sussex"
807 "West Sussex" "18.4" 2011 "E07000226" "Crawley" "West Sussex"
807 "West Sussex" "18.4" 2011 "E07000227" "Horsham" "West Sussex"
807 "West Sussex" "18.4" 2011 "E07000228" "Mid Sussex" "West Sussex"
807 "West Sussex" "18.4" 2011 "E07000229" "Worthing" "West Sussex"
809 "Dorset" "19.2" 2011 "E07000048" "Christchurch" "Dorset"
809 "Dorset" "19.2" 2011 "E07000049" "East Dorset" "Dorset"
809 "Dorset" "19.2" 2011 "E07000050" "North Dorset" "Dorset"
809 "Dorset" "19.2" 2011 "E07000051" "Purbeck" "Dorset"
809 "Dorset" "19.2" 2011 "E07000052" "West Dorset" "Dorset"
809 "Dorset" "19.2" 2011 "E07000053" "Weymouth and Portland" "Dorset"
810 "Bournemouth" "18.9" 2011 "E06000028" "Bournemouth UA" "Dorset"
811 "Poole" "18.3" 2011 "E06000029" "Poole UA" "Dorset"
812 "Hampshire" "19.3" 2011 "E07000086" "Eastleigh" "Hampshire"
812 "Hampshire" "19.3" 2011 "E07000087" "Fareham" "Hampshire"
812 "Hampshire" "19.3" 2011 "E07000088" "Gosport" "Hampshire"
812 "Hampshire" "19.3" 2011 "E07000089" "Hart" "Hampshire"
812 "Hampshire" "19.3" 2011 "E07000090" "Havant" "Hampshire"
812 "Hampshire" "19.3" 2011 "E07000091" "New Forest" "Hampshire"
812 "Hampshire" "19.3" 2011 "E07000092" "Rushmoor" "Hampshire"
812 "Hampshire" "19.3" 2011 "E07000093" "Test Valley" "Hampshire"
812 "Hampshire" "19.3" 2011 "E07000094" "Winchester" "Hampshire"
812 "Hampshire" "19.3" 2011 "E07000084" "Basingstoke and Deane" "Hampshire"
812 "Hampshire" "19.3" 2011 "E07000085" "East Hampshire" "Hampshire"
813 "Portsmouth" "19.4" 2011 "E06000044" "Portsmouth UA" "Hampshire"
814 "Southampton" "18.4" 2011 "E06000045" "Southampton UA" "Hampshire"
815 "East Sussex" "18.8" 2011 "E07000061" "Eastbourne" "East Sussex"
815 "East Sussex" "18.8" 2011 "E07000062" "Hastings" "East Sussex"
815 "East Sussex" "18.8" 2011 "E07000063" "Lewes" "East Sussex"
815 "East Sussex" "18.8" 2011 "E07000064" "Rother" "East Sussex"
815 "East Sussex" "18.8" 2011 "E07000065" "Wealden" "East Sussex"
816 "Brighton and Hove" "18.7" 2011 "E06000043" "Brighton and Hove UA" "East Sussex"
817 "Wiltshire" "19.4" 2011 "E06000054" "Wiltshire UA" "Wiltshire"
819 "Swindon" "19.1" 2011 "E06000030" "Swindon UA" "Wiltshire"
820 "Kent" "18.5" 2011 "E07000105" "Ashford" "Kent"
820 "Kent" "18.5" 2011 "E07000106" "Canterbury" "Kent"
820 "Kent" "18.5" 2011 "E07000107" "Dartford" "Kent"
820 "Kent" "18.5" 2011 "E07000108" "Dover" "Kent"
820 "Kent" "18.5" 2011 "E07000109" "Gravesham" "Kent"
820 "Kent" "18.5" 2011 "E07000110" "Maidstone" "Kent"
820 "Kent" "18.5" 2011 "E07000111" "Sevenoaks" "Kent"
820 "Kent" "18.5" 2011 "E07000112" "Shepway" "Kent"
820 "Kent" "18.5" 2011 "E07000113" "Swale" "Kent"
820 "Kent" "18.5" 2011 "E07000114" "Thanet" "Kent"
820 "Kent" "18.5" 2011 "E07000115" "Tonbridge and Malling" "Kent"
820 "Kent" "18.5" 2011 "E07000116" "Tunbridge Wells" "Kent"
821 "Medway Towns" "18.9" 2011 "E06000035" "Medway UA" "Kent"
902 "Cornwall" "19.2" 2011 "E06000052" "Cornwall UA" "Cornwall and Scilly"
904 "Gloucestershire" "18.7" 2011 "E07000078" "Cheltenham" "Gloucestershire"
904 "Gloucestershire" "18.7" 2011 "E07000079" "Cotswold" "Gloucestershire"
904 "Gloucestershire" "18.7" 2011 "E07000080" "Forest of Dean" "Gloucestershire"
904 "Gloucestershire" "18.7" 2011 "E07000081" "Gloucester" "Gloucestershire"
904 "Gloucestershire" "18.7" 2011 "E07000082" "Stroud" "Gloucestershire"
904 "Gloucestershire" "18.7" 2011 "E07000083" "Tewkesbury" "Gloucestershire"
905 "Somerset" "18.6" 2011 "E07000187" "Mendip" "Somerset"
905 "Somerset" "18.6" 2011 "E07000188" "Sedgemoor" "Somerset"
905 "Somerset" "18.6" 2011 "E07000189" "South Somerset" "Somerset"
905 "Somerset" "18.6" 2011 "E07000190" "Taunton Deane" "Somerset"
905 "Somerset" "18.6" 2011 "E07000191" "West Somerset" "Somerset"
906 "Isles of Scilly" ".." 2011 "E06000053" "Isles of Scilly UA" "Cornwall and Scilly"
908 "Bath and North East Somerset" "18.8" 2011 "E06000022" "Bath and North East Somerset UA" "Somerset"
909 "Bristol" "18.5" 2011 "E06000023" "Bristol, City of UA" "Bristol"
910 "North Somerset" "19.1" 2011 "E06000024" "North Somerset UA" "Somerset"
911 "South Gloucestershire" "18.7" 2011 "E06000025" "South Gloucestershire UA" "Gloucestershire"
912 "Devon" "18.8" 2011 "E07000040" "East Devon" "Devon"
912 "Devon" "18.8" 2011 "E07000041" "Exeter" "Devon"
912 "Devon" "18.8" 2011 "E07000042" "Mid Devon" "Devon"
912 "Devon" "18.8" 2011 "E07000043" "North Devon" "Devon"
912 "Devon" "18.8" 2011 "E07000044" "South Hams" "Devon"
912 "Devon" "18.8" 2011 "E07000045" "Teignbridge" "Devon"
912 "Devon" "18.8" 2011 "E07000046" "Torridge" "Devon"
912 "Devon" "18.8" 2011 "E07000047" "West Devon" "Devon"
913 "Plymouth" "19.2" 2011 "E06000026" "Plymouth UA" "Devon"
914 "Torbay" "19.0" 2011 "E06000027" "Torbay UA" "Devon"
102 "Cumbria" "19.3" 2012 "E07000026" "Allerdale" "Cumbria"
102 "Cumbria" "19.3" 2012 "E07000027" "Barrow-in-Furness" "Cumbria"
102 "Cumbria" "19.3" 2012 "E07000028" "Carlisle" "Cumbria"
102 "Cumbria" "19.3" 2012 "E07000029" "Copeland" "Cumbria"
102 "Cumbria" "19.3" 2012 "E07000030" "Eden" "Cumbria"
102 "Cumbria" "19.3" 2012 "E07000031" "South Lakeland" "Cumbria"
104 "Northumberland" "19.3" 2012 "E06000048" "Northumberland UA" "Northumberland"
106 "Gateshead" "19.0" 2012 "E08000020" "Gateshead" "Tyne and Wear"
107 "Newcastle upon Tyne" "19.4" 2012 "E08000021" "Newcastle upon Tyne" "Tyne and Wear"
108 "North Tyneside" "19.2" 2012 "E08000022" "North Tyneside" "Tyne and Wear"
109 "South Tyneside" "19.2" 2012 "E08000023" "South Tyneside" "Tyne and Wear"
110 "Sunderland" "19.2" 2012 "E08000024" "Sunderland" "Tyne and Wear"
111 "Hartlepool" "19.0" 2012 "E06000001" "Hartlepool UA" "Durham"
112 "Middlesbrough" "19.6" 2012 "E06000002" "Middlesbrough UA" "North Yorkshire"
113 "Redcar and Cleveland" "18.7" 2012 "E06000003" "Redcar and Cleveland UA" "North Yorkshire"
114 "Stockton-on-Tees" "19.2" 2012 "E06000004" "Stockton-on-Tees UA" "Durham"
116 "Durham" "19.4" 2012 "E06000047" "County Durham UA" "Durham"
117 "Darlington" "19.4" 2012 "E06000005" "Darlington UA" "Durham"
204 "Barnsley" "18.8" 2012 "E08000016" "Barnsley" "South Yorkshire"
205 "Doncaster" "18.7" 2012 "E08000017" "Doncaster" "South Yorkshire"
206 "Rotherham" "19.1" 2012 "E08000018" "Rotherham" "South Yorkshire"
207 "Sheffield" "18.6" 2012 "E08000019" "Sheffield" "South Yorkshire"
209 "Bradford" "18.5" 2012 "E08000032" "Bradford" "West Yorkshire"
210 "Calderdale" "19.2" 2012 "E08000033" "Calderdale" "West Yorkshire"
211 "Kirklees" "18.3" 2012 "E08000034" "Kirklees" "West Yorkshire"
212 "Leeds" "18.4" 2012 "E08000035" "Leeds" "West Yorkshire"
213 "Wakefield" "18.6" 2012 "E08000036" "Wakefield" "West Yorkshire"
214 "East Riding of Yorkshire" "19.4" 2012 "E06000011" "East Riding of Yorkshire UA" "East Riding of Yorkshire"
215 "Kingston upon Hull" "18.7" 2012 "E06000010" "Kingston upon Hull, City of UA" "East Riding of Yorkshire"
216 "North East Lincolnshire" "18.3" 2012 "E06000012" "North East Lincolnshire UA" "Lincolnshire"
217 "North Lincolnshire" "19.5" 2012 "E06000013" "North Lincolnshire UA" "Lincolnshire"
218 "North Yorkshire" "18.9" 2012 "E07000163" "Craven" "North Yorkshire"
218 "North Yorkshire" "18.9" 2012 "E07000164" "Hambleton" "North Yorkshire"
218 "North Yorkshire" "18.9" 2012 "E07000165" "Harrogate" "North Yorkshire"
218 "North Yorkshire" "18.9" 2012 "E07000166" "Richmondshire" "North Yorkshire"
218 "North Yorkshire" "18.9" 2012 "E07000167" "Ryedale" "North Yorkshire"
218 "North Yorkshire" "18.9" 2012 "E07000168" "Scarborough" "North Yorkshire"
218 "North Yorkshire" "18.9" 2012 "E07000169" "Selby" "North Yorkshire"
219 "York" "19.0" 2012 "E06000014" "York UA" "North Yorkshire"
304 "Bolton" "18.3" 2012 "E08000001" "Bolton" "Greater Manchester"
305 "Bury" "20.1" 2012 "E08000002" "Bury" "Greater Manchester"
306 "Manchester" "18.3" 2012 "E08000003" "Manchester" "Greater Manchester"
307 "Oldham" "18.5" 2012 "E08000004" "Oldham" "Greater Manchester"
308 "Rochdale" "18.8" 2012 "E08000005" "Rochdale" "Greater Manchester"
309 "Salford" "18.5" 2012 "E08000006" "Salford" "Greater Manchester"
310 "Stockport" "18.6" 2012 "E08000007" "Stockport" "Greater Manchester"
311 "Tameside" "18.4" 2012 "E08000008" "Tameside" "Greater Manchester"
312 "Trafford" "18.6" 2012 "E08000009" "Trafford" "Greater Manchester"
313 "Wigan" "18.8" 2012 "E08000010" "Wigan" "Greater Manchester"
315 "Knowsley" "19.3" 2012 "E08000011" "Knowsley" "Merseyside"
316 "Liverpool" "19.0" 2012 "E08000012" "Liverpool" "Merseyside"
317 "Sefton" "19.2" 2012 "E08000014" "Sefton" "Merseyside"
318 "St. Helens" "19.0" 2012 "E08000013" "St. Helens" "Merseyside"
319 "Wirral" "18.8" 2012 "E08000015" "Wirral" "Merseyside"
321 "Halton" "19.7" 2012 "E06000006" "Halton UA" "Cheshire"
322 "Warrington" "18.6" 2012 "E06000007" "Warrington UA" "Cheshire"
323 "Lancashire" "19.2" 2012 "E07000117" "Burnley" "Lancashire"
323 "Lancashire" "19.2" 2012 "E07000118" "Chorley" "Lancashire"
323 "Lancashire" "19.2" 2012 "E07000119" "Fylde" "Lancashire"
323 "Lancashire" "19.2" 2012 "E07000120" "Hyndburn" "Lancashire"
323 "Lancashire" "19.2" 2012 "E07000121" "Lancaster" "Lancashire"
323 "Lancashire" "19.2" 2012 "E07000122" "Pendle" "Lancashire"
323 "Lancashire" "19.2" 2012 "E07000123" "Preston" "Lancashire"
323 "Lancashire" "19.2" 2012 "E07000124" "Ribble Valley" "Lancashire"
323 "Lancashire" "19.2" 2012 "E07000125" "Rossendale" "Lancashire"
323 "Lancashire" "19.2" 2012 "E07000126" "South Ribble" "Lancashire"
323 "Lancashire" "19.2" 2012 "E07000127" "West Lancashire" "Lancashire"
323 "Lancashire" "19.2" 2012 "E07000128" "Wyre" "Lancashire"
324 "Blackburn with Darwen" "19.3" 2012 "E06000008" "Blackburn with Darwen UA" "Lancashire"
325 "Blackpool" "18.5" 2012 "E06000009" "Blackpool UA" "Lancashire"
326 "Cheshire East" "19.0" 2012 "E06000049" "Cheshire East UA" "Cheshire"
327 "Cheshire West & Chester" "19.2" 2012 NA NA NA
404 "Warwickshire" "18.8" 2012 "E07000218" "North Warwickshire" "Warwickshire"
404 "Warwickshire" "18.8" 2012 "E07000219" "Nuneaton and Bedworth" "Warwickshire"
404 "Warwickshire" "18.8" 2012 "E07000220" "Rugby" "Warwickshire"
404 "Warwickshire" "18.8" 2012 "E07000221" "Stratford-on-Avon" "Warwickshire"
404 "Warwickshire" "18.8" 2012 "E07000222" "Warwick" "Warwickshire"
406 "Birmingham" "18.3" 2012 "E08000025" "Birmingham" "West Midlands"
407 "Coventry" "19.0" 2012 "E08000026" "Coventry" "West Midlands"
408 "Dudley" "19.2" 2012 "E08000027" "Dudley" "West Midlands"
409 "Sandwell" "18.4" 2012 "E08000028" "Sandwell" "West Midlands"
410 "Solihull" "18.7" 2012 "E08000029" "Solihull" "West Midlands"
411 "Walsall" "18.8" 2012 "E08000030" "Walsall" "West Midlands"
412 "Wolverhampton" "19.5" 2012 "E08000031" "Wolverhampton" "West Midlands"
413 "Staffordshire" "18.8" 2012 "E07000192" "Cannock Chase" "Staffordshire"
413 "Staffordshire" "18.8" 2012 "E07000193" "East Staffordshire" "Staffordshire"
413 "Staffordshire" "18.8" 2012 "E07000194" "Lichfield" "Staffordshire"
413 "Staffordshire" "18.8" 2012 "E07000195" "Newcastle-under-Lyme" "Staffordshire"
413 "Staffordshire" "18.8" 2012 "E07000196" "South Staffordshire" "Staffordshire"
413 "Staffordshire" "18.8" 2012 "E07000197" "Stafford" "Staffordshire"
413 "Staffordshire" "18.8" 2012 "E07000198" "Staffordshire Moorlands" "Staffordshire"
413 "Staffordshire" "18.8" 2012 "E07000199" "Tamworth" "Staffordshire"
414 "Stoke-on-Trent" "18.7" 2012 "E06000021" "Stoke-on-Trent UA" "Staffordshire"
415 "Herefordshire" "19.4" 2012 "E06000019" "Herefordshire, County of UA" "Hereforshire"
416 "Worcestershire" "19.4" 2012 "E07000234" "Bromsgrove" "Worcestershire"
416 "Worcestershire" "19.4" 2012 "E07000235" "Malvern Hills" "Worcestershire"
416 "Worcestershire" "19.4" 2012 "E07000236" "Redditch" "Worcestershire"
416 "Worcestershire" "19.4" 2012 "E07000237" "Worcester" "Worcestershire"
416 "Worcestershire" "19.4" 2012 "E07000238" "Wychavon" "Worcestershire"
416 "Worcestershire" "19.4" 2012 "E07000239" "Wyre Forest" "Worcestershire"
417 "Shropshire" "18.6" 2012 "E06000051" "Shropshire UA" "Shropshire"
418 "Telford and the Wrekin" "18.3" 2012 "E06000020" "Telford and Wrekin UA" "Shropshire"
503 "Lincolnshire" "18.7" 2012 "E07000136" "Boston" "Lincolnshire"
503 "Lincolnshire" "18.7" 2012 "E07000137" "East Lindsey" "Lincolnshire"
503 "Lincolnshire" "18.7" 2012 "E07000138" "Lincoln" "Lincolnshire"
503 "Lincolnshire" "18.7" 2012 "E07000139" "North Kesteven" "Lincolnshire"
503 "Lincolnshire" "18.7" 2012 "E07000140" "South Holland" "Lincolnshire"
503 "Lincolnshire" "18.7" 2012 "E07000141" "South Kesteven" "Lincolnshire"
503 "Lincolnshire" "18.7" 2012 "E07000142" "West Lindsey" "Lincolnshire"
504 "Northamptonshire" "19.3" 2012 "E07000150" "Corby" "Northamptonshire"
504 "Northamptonshire" "19.3" 2012 "E07000151" "Daventry" "Northamptonshire"
504 "Northamptonshire" "19.3" 2012 "E07000152" "East Northamptonshire" "Northamptonshire"
504 "Northamptonshire" "19.3" 2012 "E07000153" "Kettering" "Northamptonshire"
504 "Northamptonshire" "19.3" 2012 "E07000154" "Northampton" "Northamptonshire"
504 "Northamptonshire" "19.3" 2012 "E07000155" "South Northamptonshire" "Northamptonshire"
504 "Northamptonshire" "19.3" 2012 "E07000156" "Wellingborough" "Northamptonshire"
506 "Derbyshire" "19.0" 2012 "E07000032" "Amber Valley" "Derbyshire"
506 "Derbyshire" "19.0" 2012 "E07000033" "Bolsover" "Derbyshire"
506 "Derbyshire" "19.0" 2012 "E07000034" "Chesterfield" "Derbyshire"
506 "Derbyshire" "19.0" 2012 "E07000035" "Derbyshire Dales" "Derbyshire"
506 "Derbyshire" "19.0" 2012 "E07000036" "Erewash" "Derbyshire"
506 "Derbyshire" "19.0" 2012 "E07000037" "High Peak" "Derbyshire"
506 "Derbyshire" "19.0" 2012 "E07000038" "North East Derbyshire" "Derbyshire"
506 "Derbyshire" "19.0" 2012 "E07000039" "South Derbyshire" "Derbyshire"
507 "Derby" "19.2" 2012 "E06000015" "Derby UA" "Derbyshire"
508 "Leicestershire" "18.3" 2012 "E07000129" "Blaby" "Leicestershire"
508 "Leicestershire" "18.3" 2012 "E07000130" "Charnwood" "Leicestershire"
508 "Leicestershire" "18.3" 2012 "E07000131" "Harborough" "Leicestershire"
508 "Leicestershire" "18.3" 2012 "E07000132" "Hinckley and Bosworth" "Leicestershire"
508 "Leicestershire" "18.3" 2012 "E07000133" "Melton" "Leicestershire"
508 "Leicestershire" "18.3" 2012 "E07000134" "North West Leicestershire" "Leicestershire"
508 "Leicestershire" "18.3" 2012 "E07000135" "Oadby and Wigston" "Leicestershire"
509 "Leicester" "18.0" 2012 "E06000016" "Leicester UA" "Leicestershire"
510 "Rutland" "19.8" 2012 "E06000017" "Rutland UA" "Rutland"
511 "Nottinghamshire" "19.2" 2012 "E07000170" "Ashfield" "Nottinghamshire"
511 "Nottinghamshire" "19.2" 2012 "E07000171" "Bassetlaw" "Nottinghamshire"
511 "Nottinghamshire" "19.2" 2012 "E07000172" "Broxtowe" "Nottinghamshire"
511 "Nottinghamshire" "19.2" 2012 "E07000173" "Gedling" "Nottinghamshire"
511 "Nottinghamshire" "19.2" 2012 "E07000174" "Mansfield" "Nottinghamshire"
511 "Nottinghamshire" "19.2" 2012 "E07000175" "Newark and Sherwood" "Nottinghamshire"
511 "Nottinghamshire" "19.2" 2012 "E07000176" "Rushcliffe" "Nottinghamshire"
512 "Nottingham" "18.4" 2012 "E06000018" "Nottingham UA" "Nottinghamshire"
606 "Hertfordshire" "18.5" 2012 "E07000095" "Broxbourne" "Hertfordshire"
606 "Hertfordshire" "18.5" 2012 "E07000096" "Dacorum" "Hertfordshire"
606 "Hertfordshire" "18.5" 2012 "E07000097" "East Hertfordshire" "Hertfordshire"
606 "Hertfordshire" "18.5" 2012 "E07000098" "Hertsmere" "Hertfordshire"
606 "Hertfordshire" "18.5" 2012 "E07000099" "North Hertfordshire" "Hertfordshire"
606 "Hertfordshire" "18.5" 2012 "E07000100" "St Albans" "Hertfordshire"
606 "Hertfordshire" "18.5" 2012 "E07000101" "Stevenage" "Hertfordshire"
606 "Hertfordshire" "18.5" 2012 "E07000102" "Three Rivers" "Hertfordshire"
606 "Hertfordshire" "18.5" 2012 "E07000103" "Watford" "Hertfordshire"
606 "Hertfordshire" "18.5" 2012 "E07000104" "Welwyn Hatfield" "Hertfordshire"
607 "Norfolk" "18.7" 2012 "E07000143" "Breckland" "Norfolk"
607 "Norfolk" "18.7" 2012 "E07000144" "Broadland" "Norfolk"
607 "Norfolk" "18.7" 2012 "E07000145" "Great Yarmouth" "Norfolk"
607 "Norfolk" "18.7" 2012 "E07000146" "King’s Lynn and West Norfolk" "Norfolk"
607 "Norfolk" "18.7" 2012 "E07000147" "North Norfolk" "Norfolk"
607 "Norfolk" "18.7" 2012 "E07000148" "Norwich" "Norfolk"
607 "Norfolk" "18.7" 2012 "E07000149" "South Norfolk" "Norfolk"
608 "Oxfordshire" "19.1" 2012 "E07000177" "Cherwell" "Oxfordshire"
608 "Oxfordshire" "19.1" 2012 "E07000178" "Oxford" "Oxfordshire"
608 "Oxfordshire" "19.1" 2012 "E07000179" "South Oxfordshire" "Oxfordshire"
608 "Oxfordshire" "19.1" 2012 "E07000180" "Vale of White Horse" "Oxfordshire"
608 "Oxfordshire" "19.1" 2012 "E07000181" "West Oxfordshire" "Oxfordshire"
609 "Suffolk" "18.7" 2012 "E07000200" "Babergh" "Suffolk"
609 "Suffolk" "18.7" 2012 "E07000201" "Forest Heath" "Suffolk"
609 "Suffolk" "18.7" 2012 "E07000202" "Ipswich" "Suffolk"
609 "Suffolk" "18.7" 2012 "E07000203" "Mid Suffolk" "Suffolk"
609 "Suffolk" "18.7" 2012 "E07000204" "St Edmundsbury" "Suffolk"
609 "Suffolk" "18.7" 2012 "E07000205" "Suffolk Coastal" "Suffolk"
609 "Suffolk" "18.7" 2012 "E07000206" "Waveney" "Suffolk"
611 "Luton" "18.5" 2012 "E06000032" "Luton UA" "Bedforshire"
612 "Buckinghamshire" "18.8" 2012 "E07000004" "Aylesbury Vale" "Buckinghamshire"
612 "Buckinghamshire" "18.8" 2012 "E07000005" "Chiltern" "Buckinghamshire"
612 "Buckinghamshire" "18.8" 2012 "E07000006" "South Bucks" "Buckinghamshire"
612 "Buckinghamshire" "18.8" 2012 "E07000007" "Wycombe" "Buckinghamshire"
613 "Milton Keynes" "18.4" 2012 "E06000042" "Milton Keynes UA" "Buckinghamshire"
614 "Bracknell Forest" "18.6" 2012 "E06000036" "Bracknell Forest UA" "Berkshire"
615 "West Berkshire" "18.3" 2012 "E06000037" "West Berkshire UA" "Berkshire"
616 "Reading" "18.9" 2012 "E06000038" "Reading UA" "Berkshire"
617 "Slough" "17.7" 2012 "E06000039" "Slough UA" "Berkshire"
618 "Windsor and Maidenhead" "19.7" 2012 "E06000040" "Windsor and Maidenhead UA" "Berkshire"
619 "Wokingham" "18.8" 2012 "E06000041" "Wokingham UA" "Berkshire"
620 "Essex" "18.9" 2012 "E07000066" "Basildon" "Essex"
620 "Essex" "18.9" 2012 "E07000067" "Braintree" "Essex"
620 "Essex" "18.9" 2012 "E07000068" "Brentwood" "Essex"
620 "Essex" "18.9" 2012 "E07000069" "Castle Point" "Essex"
620 "Essex" "18.9" 2012 "E07000070" "Chelmsford" "Essex"
620 "Essex" "18.9" 2012 "E07000071" "Colchester" "Essex"
620 "Essex" "18.9" 2012 "E07000072" "Epping Forest" "Essex"
620 "Essex" "18.9" 2012 "E07000073" "Harlow" "Essex"
620 "Essex" "18.9" 2012 "E07000074" "Maldon" "Essex"
620 "Essex" "18.9" 2012 "E07000075" "Rochford" "Essex"
620 "Essex" "18.9" 2012 "E07000076" "Tendring" "Essex"
620 "Essex" "18.9" 2012 "E07000077" "Uttlesford" "Essex"
621 "Southend-on-Sea" "18.7" 2012 "E06000033" "Southend-on-Sea UA" "Essex"
622 "Thurrock" "18.4" 2012 "E06000034" "Thurrock UA" "Essex"
623 "Cambridgeshire" "18.8" 2012 "E07000008" "Cambridge" "Cambridgeshire"
623 "Cambridgeshire" "18.8" 2012 "E07000009" "East Cambridgeshire" "Cambridgeshire"
623 "Cambridgeshire" "18.8" 2012 "E07000010" "Fenland" "Cambridgeshire"
623 "Cambridgeshire" "18.8" 2012 "E07000011" "Huntingdonshire" "Cambridgeshire"
623 "Cambridgeshire" "18.8" 2012 "E07000012" "South Cambridgeshire" "Cambridgeshire"
624 "Peterborough" "18.8" 2012 "E06000031" "Peterborough UA" "Cambridgeshire"
625 "Bedford" "19.2" 2012 "E06000055" "Bedford UA" "Bedforshire"
626 "Central Bedfordshire" "19.0" 2012 "E06000056" "Central Bedfordshire UA" "Bedforshire"
702 "Camden" "18.0" 2012 "E09000007" "Camden" "Greater London"
703 "Greenwich" "18.5" 2012 "E09000011" "Greenwich" "Greater London"
704 "Hackney" "18.3" 2012 "E09000012" "Hackney" "Greater London"
705 "Hammersmith and Fulham" "17.8" 2012 "E09000013" "Hammersmith and Fulham" "Greater London"
706 "Islington" "17.9" 2012 "E09000019" "Islington" "Greater London"
707 "Kensington and Chelsea" "18.2" 2012 "E09000020" "Kensington and Chelsea" "Greater London"
708 "Lambeth" "18.0" 2012 "E09000022" "Lambeth" "Greater London"
709 "Lewisham" "17.9" 2012 "E09000023" "Lewisham" "Greater London"
710 "Southwark" "17.7" 2012 "E09000028" "Southwark" "Greater London"
711 "Tower Hamlets" "17.9" 2012 "E09000030" "Tower Hamlets" "Greater London"
712 "Wandsworth" "18.9" 2012 "E09000032" "Wandsworth" "Greater London"
713 "Westminster" "17.4" 2012 "E09000033" "Westminster" "Greater London"
714 "City of London" "19.4" 2012 "E09000001" "City of London" "Greater London"
716 "Barking and Dagenham" "18.2" 2012 "E09000002" "Barking and Dagenham" "Greater London"
717 "Barnet" "18.0" 2012 "E09000003" "Barnet" "Greater London"
718 "Bexley" "18.3" 2012 "E09000004" "Bexley" "Greater London"
719 "Brent" "17.7" 2012 "E09000005" "Brent" "Greater London"
720 "Bromley" "18.8" 2012 "E09000006" "Bromley" "Greater London"
721 "Croydon" "18.2" 2012 "E09000008" "Croydon" "Greater London"
722 "Ealing" "17.6" 2012 "E09000009" "Ealing" "Greater London"
723 "Enfield" "17.8" 2012 "E09000010" "Enfield" "Greater London"
724 "Haringey" "17.7" 2012 "E09000014" "Haringey" "Greater London"
725 "Harrow" "18.0" 2012 "E09000015" "Harrow" "Greater London"
726 "Havering" "18.1" 2012 "E09000016" "Havering" "Greater London"
727 "Hillingdon" "17.9" 2012 "E09000017" "Hillingdon" "Greater London"
728 "Hounslow" "18.1" 2012 "E09000018" "Hounslow" "Greater London"
729 "Kingston upon Thames" "18.2" 2012 "E09000021" "Kingston upon Thames" "Greater London"
730 "Merton" "18.2" 2012 "E09000024" "Merton" "Greater London"
731 "Newham" "18.2" 2012 "E09000025" "Newham" "Greater London"
732 "Redbridge" "19.5" 2012 "E09000026" "Redbridge" "Greater London"
733 "Richmond upon Thames" "18.3" 2012 "E09000027" "Richmond upon Thames" "Greater London"
734 "Sutton" "19.0" 2012 "E09000029" "Sutton" "Greater London"
735 "Waltham Forest" "18.3" 2012 "E09000031" "Waltham Forest" "Greater London"
803 "Isle of Wight" "19.4" 2012 "E06000046" "Isle of Wight UA" "Isle of Wight"
805 "Surrey" "19.1" 2012 "E07000207" "Elmbridge" "Surrey"
805 "Surrey" "19.1" 2012 "E07000208" "Epsom and Ewell" "Surrey"
805 "Surrey" "19.1" 2012 "E07000209" "Guildford" "Surrey"
805 "Surrey" "19.1" 2012 "E07000210" "Mole Valley" "Surrey"
805 "Surrey" "19.1" 2012 "E07000211" "Reigate and Banstead" "Surrey"
805 "Surrey" "19.1" 2012 "E07000212" "Runnymede" "Surrey"
805 "Surrey" "19.1" 2012 "E07000213" "Spelthorne" "Surrey"
805 "Surrey" "19.1" 2012 "E07000214" "Surrey Heath" "Surrey"
805 "Surrey" "19.1" 2012 "E07000215" "Tandridge" "Surrey"
805 "Surrey" "19.1" 2012 "E07000216" "Waverley" "Surrey"
805 "Surrey" "19.1" 2012 "E07000217" "Woking" "Surrey"
807 "West Sussex" "19.3" 2012 "E07000223" "Adur" "West Sussex"
807 "West Sussex" "19.3" 2012 "E07000224" "Arun" "West Sussex"
807 "West Sussex" "19.3" 2012 "E07000225" "Chichester" "West Sussex"
807 "West Sussex" "19.3" 2012 "E07000226" "Crawley" "West Sussex"
807 "West Sussex" "19.3" 2012 "E07000227" "Horsham" "West Sussex"
807 "West Sussex" "19.3" 2012 "E07000228" "Mid Sussex" "West Sussex"
807 "West Sussex" "19.3" 2012 "E07000229" "Worthing" "West Sussex"
809 "Dorset" "19.2" 2012 "E07000048" "Christchurch" "Dorset"
809 "Dorset" "19.2" 2012 "E07000049" "East Dorset" "Dorset"
809 "Dorset" "19.2" 2012 "E07000050" "North Dorset" "Dorset"
809 "Dorset" "19.2" 2012 "E07000051" "Purbeck" "Dorset"
809 "Dorset" "19.2" 2012 "E07000052" "West Dorset" "Dorset"
809 "Dorset" "19.2" 2012 "E07000053" "Weymouth and Portland" "Dorset"
810 "Bournemouth" "18.7" 2012 "E06000028" "Bournemouth UA" "Dorset"
811 "Poole" "18.5" 2012 "E06000029" "Poole UA" "Dorset"
812 "Hampshire" "18.8" 2012 "E07000086" "Eastleigh" "Hampshire"
812 "Hampshire" "18.8" 2012 "E07000087" "Fareham" "Hampshire"
812 "Hampshire" "18.8" 2012 "E07000088" "Gosport" "Hampshire"
812 "Hampshire" "18.8" 2012 "E07000089" "Hart" "Hampshire"
812 "Hampshire" "18.8" 2012 "E07000090" "Havant" "Hampshire"
812 "Hampshire" "18.8" 2012 "E07000091" "New Forest" "Hampshire"
812 "Hampshire" "18.8" 2012 "E07000092" "Rushmoor" "Hampshire"
812 "Hampshire" "18.8" 2012 "E07000093" "Test Valley" "Hampshire"
812 "Hampshire" "18.8" 2012 "E07000094" "Winchester" "Hampshire"
812 "Hampshire" "18.8" 2012 "E07000084" "Basingstoke and Deane" "Hampshire"
812 "Hampshire" "18.8" 2012 "E07000085" "East Hampshire" "Hampshire"
813 "Portsmouth" "19.3" 2012 "E06000044" "Portsmouth UA" "Hampshire"
814 "Southampton" "18.5" 2012 "E06000045" "Southampton UA" "Hampshire"
815 "East Sussex" "18.5" 2012 "E07000061" "Eastbourne" "East Sussex"
815 "East Sussex" "18.5" 2012 "E07000062" "Hastings" "East Sussex"
815 "East Sussex" "18.5" 2012 "E07000063" "Lewes" "East Sussex"
815 "East Sussex" "18.5" 2012 "E07000064" "Rother" "East Sussex"
815 "East Sussex" "18.5" 2012 "E07000065" "Wealden" "East Sussex"
816 "Brighton and Hove" "18.9" 2012 "E06000043" "Brighton and Hove UA" "East Sussex"
817 "Wiltshire" "18.8" 2012 "E06000054" "Wiltshire UA" "Wiltshire"
819 "Swindon" "18.9" 2012 "E06000030" "Swindon UA" "Wiltshire"
820 "Kent" "18.6" 2012 "E07000105" "Ashford" "Kent"
820 "Kent" "18.6" 2012 "E07000106" "Canterbury" "Kent"
820 "Kent" "18.6" 2012 "E07000107" "Dartford" "Kent"
820 "Kent" "18.6" 2012 "E07000108" "Dover" "Kent"
820 "Kent" "18.6" 2012 "E07000109" "Gravesham" "Kent"
820 "Kent" "18.6" 2012 "E07000110" "Maidstone" "Kent"
820 "Kent" "18.6" 2012 "E07000111" "Sevenoaks" "Kent"
820 "Kent" "18.6" 2012 "E07000112" "Shepway" "Kent"
820 "Kent" "18.6" 2012 "E07000113" "Swale" "Kent"
820 "Kent" "18.6" 2012 "E07000114" "Thanet" "Kent"
820 "Kent" "18.6" 2012 "E07000115" "Tonbridge and Malling" "Kent"
820 "Kent" "18.6" 2012 "E07000116" "Tunbridge Wells" "Kent"
821 "Medway Towns" "18.8" 2012 "E06000035" "Medway UA" "Kent"
902 "Cornwall" "19.2" 2012 "E06000052" "Cornwall UA" "Cornwall and Scilly"
904 "Gloucestershire" "19.0" 2012 "E07000078" "Cheltenham" "Gloucestershire"
904 "Gloucestershire" "19.0" 2012 "E07000079" "Cotswold" "Gloucestershire"
904 "Gloucestershire" "19.0" 2012 "E07000080" "Forest of Dean" "Gloucestershire"
904 "Gloucestershire" "19.0" 2012 "E07000081" "Gloucester" "Gloucestershire"
904 "Gloucestershire" "19.0" 2012 "E07000082" "Stroud" "Gloucestershire"
904 "Gloucestershire" "19.0" 2012 "E07000083" "Tewkesbury" "Gloucestershire"
905 "Somerset" "19.0" 2012 "E07000187" "Mendip" "Somerset"
905 "Somerset" "19.0" 2012 "E07000188" "Sedgemoor" "Somerset"
905 "Somerset" "19.0" 2012 "E07000189" "South Somerset" "Somerset"
905 "Somerset" "19.0" 2012 "E07000190" "Taunton Deane" "Somerset"
905 "Somerset" "19.0" 2012 "E07000191" "West Somerset" "Somerset"
906 "Isles of Scilly" ".." 2012 "E06000053" "Isles of Scilly UA" "Cornwall and Scilly"
908 "Bath and North East Somerset" "18.7" 2012 "E06000022" "Bath and North East Somerset UA" "Somerset"
909 "Bristol" "17.9" 2012 "E06000023" "Bristol, City of UA" "Bristol"
910 "North Somerset" "19.4" 2012 "E06000024" "North Somerset UA" "Somerset"
911 "South Gloucestershire" "19.1" 2012 "E06000025" "South Gloucestershire UA" "Gloucestershire"
912 "Devon" "18.7" 2012 "E07000040" "East Devon" "Devon"
912 "Devon" "18.7" 2012 "E07000041" "Exeter" "Devon"
912 "Devon" "18.7" 2012 "E07000042" "Mid Devon" "Devon"
912 "Devon" "18.7" 2012 "E07000043" "North Devon" "Devon"
912 "Devon" "18.7" 2012 "E07000044" "South Hams" "Devon"
912 "Devon" "18.7" 2012 "E07000045" "Teignbridge" "Devon"
912 "Devon" "18.7" 2012 "E07000046" "Torridge" "Devon"
912 "Devon" "18.7" 2012 "E07000047" "West Devon" "Devon"
913 "Plymouth" "19.9" 2012 "E06000026" "Plymouth UA" "Devon"
914 "Torbay" "18.8" 2012 "E06000027" "Torbay UA" "Devon"
102 "Cumbria" "19.6" 2013 "E07000026" "Allerdale" "Cumbria"
102 "Cumbria" "19.6" 2013 "E07000027" "Barrow-in-Furness" "Cumbria"
102 "Cumbria" "19.6" 2013 "E07000028" "Carlisle" "Cumbria"
102 "Cumbria" "19.6" 2013 "E07000029" "Copeland" "Cumbria"
102 "Cumbria" "19.6" 2013 "E07000030" "Eden" "Cumbria"
102 "Cumbria" "19.6" 2013 "E07000031" "South Lakeland" "Cumbria"
104 "Northumberland" "19.1" 2013 "E06000048" "Northumberland UA" "Northumberland"
106 "Gateshead" "18.9" 2013 "E08000020" "Gateshead" "Tyne and Wear"
107 "Newcastle upon Tyne" "19.2" 2013 "E08000021" "Newcastle upon Tyne" "Tyne and Wear"
108 "North Tyneside" "19.9" 2013 "E08000022" "North Tyneside" "Tyne and Wear"
109 "South Tyneside" "19.0" 2013 "E08000023" "South Tyneside" "Tyne and Wear"
110 "Sunderland" "19.1" 2013 "E08000024" "Sunderland" "Tyne and Wear"
111 "Hartlepool" "19.1" 2013 "E06000001" "Hartlepool UA" "Durham"
112 "Middlesbrough" "19.1" 2013 "E06000002" "Middlesbrough UA" "North Yorkshire"
113 "Redcar and Cleveland" "18.7" 2013 "E06000003" "Redcar and Cleveland UA" "North Yorkshire"
114 "Stockton-on-Tees" "18.5" 2013 "E06000004" "Stockton-on-Tees UA" "Durham"
116 "Durham" "19.5" 2013 "E06000047" "County Durham UA" "Durham"
117 "Darlington" "18.6" 2013 "E06000005" "Darlington UA" "Durham"
204 "Barnsley" "19.0" 2013 "E08000016" "Barnsley" "South Yorkshire"
205 "Doncaster" "19.2" 2013 "E08000017" "Doncaster" "South Yorkshire"
206 "Rotherham" "19.2" 2013 "E08000018" "Rotherham" "South Yorkshire"
207 "Sheffield" "18.4" 2013 "E08000019" "Sheffield" "South Yorkshire"
209 "Bradford" "19.1" 2013 "E08000032" "Bradford" "West Yorkshire"
210 "Calderdale" "18.7" 2013 "E08000033" "Calderdale" "West Yorkshire"
211 "Kirklees" "18.9" 2013 "E08000034" "Kirklees" "West Yorkshire"
212 "Leeds" "19.2" 2013 "E08000035" "Leeds" "West Yorkshire"
213 "Wakefield" "18.7" 2013 "E08000036" "Wakefield" "West Yorkshire"
214 "East Riding of Yorkshire" "19.2" 2013 "E06000011" "East Riding of Yorkshire UA" "East Riding of Yorkshire"
215 "Kingston upon Hull" "19.4" 2013 "E06000010" "Kingston upon Hull, City of UA" "East Riding of Yorkshire"
216 "North East Lincolnshire" "18.8" 2013 "E06000012" "North East Lincolnshire UA" "Lincolnshire"
217 "North Lincolnshire" "19.3" 2013 "E06000013" "North Lincolnshire UA" "Lincolnshire"
218 "North Yorkshire" "19.2" 2013 "E07000163" "Craven" "North Yorkshire"
218 "North Yorkshire" "19.2" 2013 "E07000164" "Hambleton" "North Yorkshire"
218 "North Yorkshire" "19.2" 2013 "E07000165" "Harrogate" "North Yorkshire"
218 "North Yorkshire" "19.2" 2013 "E07000166" "Richmondshire" "North Yorkshire"
218 "North Yorkshire" "19.2" 2013 "E07000167" "Ryedale" "North Yorkshire"
218 "North Yorkshire" "19.2" 2013 "E07000168" "Scarborough" "North Yorkshire"
218 "North Yorkshire" "19.2" 2013 "E07000169" "Selby" "North Yorkshire"
219 "York" "18.9" 2013 "E06000014" "York UA" "North Yorkshire"
304 "Bolton" "18.4" 2013 "E08000001" "Bolton" "Greater Manchester"
305 "Bury" "19.5" 2013 "E08000002" "Bury" "Greater Manchester"
306 "Manchester" "18.4" 2013 "E08000003" "Manchester" "Greater Manchester"
307 "Oldham" "19.0" 2013 "E08000004" "Oldham" "Greater Manchester"
308 "Rochdale" "18.2" 2013 "E08000005" "Rochdale" "Greater Manchester"
309 "Salford" "18.4" 2013 "E08000006" "Salford" "Greater Manchester"
310 "Stockport" "18.7" 2013 "E08000007" "Stockport" "Greater Manchester"
311 "Tameside" "19.1" 2013 "E08000008" "Tameside" "Greater Manchester"
312 "Trafford" "19.2" 2013 "E08000009" "Trafford" "Greater Manchester"
313 "Wigan" "18.9" 2013 "E08000010" "Wigan" "Greater Manchester"
315 "Knowsley" "19.3" 2013 "E08000011" "Knowsley" "Merseyside"
316 "Liverpool" "19.1" 2013 "E08000012" "Liverpool" "Merseyside"
317 "Sefton" "19.2" 2013 "E08000014" "Sefton" "Merseyside"
318 "St. Helens" "19.1" 2013 "E08000013" "St. Helens" "Merseyside"
319 "Wirral" "18.7" 2013 "E08000015" "Wirral" "Merseyside"
321 "Halton" "19.1" 2013 "E06000006" "Halton UA" "Cheshire"
322 "Warrington" "19.0" 2013 "E06000007" "Warrington UA" "Cheshire"
323 "Lancashire" "19.0" 2013 "E07000117" "Burnley" "Lancashire"
323 "Lancashire" "19.0" 2013 "E07000118" "Chorley" "Lancashire"
323 "Lancashire" "19.0" 2013 "E07000119" "Fylde" "Lancashire"
323 "Lancashire" "19.0" 2013 "E07000120" "Hyndburn" "Lancashire"
323 "Lancashire" "19.0" 2013 "E07000121" "Lancaster" "Lancashire"
323 "Lancashire" "19.0" 2013 "E07000122" "Pendle" "Lancashire"
323 "Lancashire" "19.0" 2013 "E07000123" "Preston" "Lancashire"
323 "Lancashire" "19.0" 2013 "E07000124" "Ribble Valley" "Lancashire"
323 "Lancashire" "19.0" 2013 "E07000125" "Rossendale" "Lancashire"
323 "Lancashire" "19.0" 2013 "E07000126" "South Ribble" "Lancashire"
323 "Lancashire" "19.0" 2013 "E07000127" "West Lancashire" "Lancashire"
323 "Lancashire" "19.0" 2013 "E07000128" "Wyre" "Lancashire"
324 "Blackburn with Darwen" "19.9" 2013 "E06000008" "Blackburn with Darwen UA" "Lancashire"
325 "Blackpool" "19.6" 2013 "E06000009" "Blackpool UA" "Lancashire"
326 "Cheshire East" "19.0" 2013 "E06000049" "Cheshire East UA" "Cheshire"
327 "Cheshire West & Chester" "18.8" 2013 NA NA NA
404 "Warwickshire" "18.5" 2013 "E07000218" "North Warwickshire" "Warwickshire"
404 "Warwickshire" "18.5" 2013 "E07000219" "Nuneaton and Bedworth" "Warwickshire"
404 "Warwickshire" "18.5" 2013 "E07000220" "Rugby" "Warwickshire"
404 "Warwickshire" "18.5" 2013 "E07000221" "Stratford-on-Avon" "Warwickshire"
404 "Warwickshire" "18.5" 2013 "E07000222" "Warwick" "Warwickshire"
406 "Birmingham" "18.9" 2013 "E08000025" "Birmingham" "West Midlands"
407 "Coventry" "18.9" 2013 "E08000026" "Coventry" "West Midlands"
408 "Dudley" "19.0" 2013 "E08000027" "Dudley" "West Midlands"
409 "Sandwell" "18.8" 2013 "E08000028" "Sandwell" "West Midlands"
410 "Solihull" "18.8" 2013 "E08000029" "Solihull" "West Midlands"
411 "Walsall" "19.0" 2013 "E08000030" "Walsall" "West Midlands"
412 "Wolverhampton" "19.2" 2013 "E08000031" "Wolverhampton" "West Midlands"
413 "Staffordshire" "18.5" 2013 "E07000192" "Cannock Chase" "Staffordshire"
413 "Staffordshire" "18.5" 2013 "E07000193" "East Staffordshire" "Staffordshire"
413 "Staffordshire" "18.5" 2013 "E07000194" "Lichfield" "Staffordshire"
413 "Staffordshire" "18.5" 2013 "E07000195" "Newcastle-under-Lyme" "Staffordshire"
413 "Staffordshire" "18.5" 2013 "E07000196" "South Staffordshire" "Staffordshire"
413 "Staffordshire" "18.5" 2013 "E07000197" "Stafford" "Staffordshire"
413 "Staffordshire" "18.5" 2013 "E07000198" "Staffordshire Moorlands" "Staffordshire"
413 "Staffordshire" "18.5" 2013 "E07000199" "Tamworth" "Staffordshire"
414 "Stoke-on-Trent" "19.0" 2013 "E06000021" "Stoke-on-Trent UA" "Staffordshire"
415 "Herefordshire" "19.5" 2013 "E06000019" "Herefordshire, County of UA" "Hereforshire"
416 "Worcestershire" "19.3" 2013 "E07000234" "Bromsgrove" "Worcestershire"
416 "Worcestershire" "19.3" 2013 "E07000235" "Malvern Hills" "Worcestershire"
416 "Worcestershire" "19.3" 2013 "E07000236" "Redditch" "Worcestershire"
416 "Worcestershire" "19.3" 2013 "E07000237" "Worcester" "Worcestershire"
416 "Worcestershire" "19.3" 2013 "E07000238" "Wychavon" "Worcestershire"
416 "Worcestershire" "19.3" 2013 "E07000239" "Wyre Forest" "Worcestershire"
417 "Shropshire" "18.8" 2013 "E06000051" "Shropshire UA" "Shropshire"
418 "Telford and the Wrekin" "18.4" 2013 "E06000020" "Telford and Wrekin UA" "Shropshire"
503 "Lincolnshire" "18.6" 2013 "E07000136" "Boston" "Lincolnshire"
503 "Lincolnshire" "18.6" 2013 "E07000137" "East Lindsey" "Lincolnshire"
503 "Lincolnshire" "18.6" 2013 "E07000138" "Lincoln" "Lincolnshire"
503 "Lincolnshire" "18.6" 2013 "E07000139" "North Kesteven" "Lincolnshire"
503 "Lincolnshire" "18.6" 2013 "E07000140" "South Holland" "Lincolnshire"
503 "Lincolnshire" "18.6" 2013 "E07000141" "South Kesteven" "Lincolnshire"
503 "Lincolnshire" "18.6" 2013 "E07000142" "West Lindsey" "Lincolnshire"
504 "Northamptonshire" "18.7" 2013 "E07000150" "Corby" "Northamptonshire"
504 "Northamptonshire" "18.7" 2013 "E07000151" "Daventry" "Northamptonshire"
504 "Northamptonshire" "18.7" 2013 "E07000152" "East Northamptonshire" "Northamptonshire"
504 "Northamptonshire" "18.7" 2013 "E07000153" "Kettering" "Northamptonshire"
504 "Northamptonshire" "18.7" 2013 "E07000154" "Northampton" "Northamptonshire"
504 "Northamptonshire" "18.7" 2013 "E07000155" "South Northamptonshire" "Northamptonshire"
504 "Northamptonshire" "18.7" 2013 "E07000156" "Wellingborough" "Northamptonshire"
506 "Derbyshire" "18.3" 2013 "E07000032" "Amber Valley" "Derbyshire"
506 "Derbyshire" "18.3" 2013 "E07000033" "Bolsover" "Derbyshire"
506 "Derbyshire" "18.3" 2013 "E07000034" "Chesterfield" "Derbyshire"
506 "Derbyshire" "18.3" 2013 "E07000035" "Derbyshire Dales" "Derbyshire"
506 "Derbyshire" "18.3" 2013 "E07000036" "Erewash" "Derbyshire"
506 "Derbyshire" "18.3" 2013 "E07000037" "High Peak" "Derbyshire"
506 "Derbyshire" "18.3" 2013 "E07000038" "North East Derbyshire" "Derbyshire"
506 "Derbyshire" "18.3" 2013 "E07000039" "South Derbyshire" "Derbyshire"
507 "Derby" "19.0" 2013 "E06000015" "Derby UA" "Derbyshire"
508 "Leicestershire" "18.9" 2013 "E07000129" "Blaby" "Leicestershire"
508 "Leicestershire" "18.9" 2013 "E07000130" "Charnwood" "Leicestershire"
508 "Leicestershire" "18.9" 2013 "E07000131" "Harborough" "Leicestershire"
508 "Leicestershire" "18.9" 2013 "E07000132" "Hinckley and Bosworth" "Leicestershire"
508 "Leicestershire" "18.9" 2013 "E07000133" "Melton" "Leicestershire"
508 "Leicestershire" "18.9" 2013 "E07000134" "North West Leicestershire" "Leicestershire"
508 "Leicestershire" "18.9" 2013 "E07000135" "Oadby and Wigston" "Leicestershire"
509 "Leicester" "18.3" 2013 "E06000016" "Leicester UA" "Leicestershire"
510 "Rutland" "19.3" 2013 "E06000017" "Rutland UA" "Rutland"
511 "Nottinghamshire" "19.3" 2013 "E07000170" "Ashfield" "Nottinghamshire"
511 "Nottinghamshire" "19.3" 2013 "E07000171" "Bassetlaw" "Nottinghamshire"
511 "Nottinghamshire" "19.3" 2013 "E07000172" "Broxtowe" "Nottinghamshire"
511 "Nottinghamshire" "19.3" 2013 "E07000173" "Gedling" "Nottinghamshire"
511 "Nottinghamshire" "19.3" 2013 "E07000174" "Mansfield" "Nottinghamshire"
511 "Nottinghamshire" "19.3" 2013 "E07000175" "Newark and Sherwood" "Nottinghamshire"
511 "Nottinghamshire" "19.3" 2013 "E07000176" "Rushcliffe" "Nottinghamshire"
512 "Nottingham" "18.5" 2013 "E06000018" "Nottingham UA" "Nottinghamshire"
606 "Hertfordshire" "18.4" 2013 "E07000095" "Broxbourne" "Hertfordshire"
606 "Hertfordshire" "18.4" 2013 "E07000096" "Dacorum" "Hertfordshire"
606 "Hertfordshire" "18.4" 2013 "E07000097" "East Hertfordshire" "Hertfordshire"
606 "Hertfordshire" "18.4" 2013 "E07000098" "Hertsmere" "Hertfordshire"
606 "Hertfordshire" "18.4" 2013 "E07000099" "North Hertfordshire" "Hertfordshire"
606 "Hertfordshire" "18.4" 2013 "E07000100" "St Albans" "Hertfordshire"
606 "Hertfordshire" "18.4" 2013 "E07000101" "Stevenage" "Hertfordshire"
606 "Hertfordshire" "18.4" 2013 "E07000102" "Three Rivers" "Hertfordshire"
606 "Hertfordshire" "18.4" 2013 "E07000103" "Watford" "Hertfordshire"
606 "Hertfordshire" "18.4" 2013 "E07000104" "Welwyn Hatfield" "Hertfordshire"
607 "Norfolk" "19.4" 2013 "E07000143" "Breckland" "Norfolk"
607 "Norfolk" "19.4" 2013 "E07000144" "Broadland" "Norfolk"
607 "Norfolk" "19.4" 2013 "E07000145" "Great Yarmouth" "Norfolk"
607 "Norfolk" "19.4" 2013 "E07000146" "King’s Lynn and West Norfolk" "Norfolk"
607 "Norfolk" "19.4" 2013 "E07000147" "North Norfolk" "Norfolk"
607 "Norfolk" "19.4" 2013 "E07000148" "Norwich" "Norfolk"
607 "Norfolk" "19.4" 2013 "E07000149" "South Norfolk" "Norfolk"
608 "Oxfordshire" "19.1" 2013 "E07000177" "Cherwell" "Oxfordshire"
608 "Oxfordshire" "19.1" 2013 "E07000178" "Oxford" "Oxfordshire"
608 "Oxfordshire" "19.1" 2013 "E07000179" "South Oxfordshire" "Oxfordshire"
608 "Oxfordshire" "19.1" 2013 "E07000180" "Vale of White Horse" "Oxfordshire"
608 "Oxfordshire" "19.1" 2013 "E07000181" "West Oxfordshire" "Oxfordshire"
609 "Suffolk" "19.2" 2013 "E07000200" "Babergh" "Suffolk"
609 "Suffolk" "19.2" 2013 "E07000201" "Forest Heath" "Suffolk"
609 "Suffolk" "19.2" 2013 "E07000202" "Ipswich" "Suffolk"
609 "Suffolk" "19.2" 2013 "E07000203" "Mid Suffolk" "Suffolk"
609 "Suffolk" "19.2" 2013 "E07000204" "St Edmundsbury" "Suffolk"
609 "Suffolk" "19.2" 2013 "E07000205" "Suffolk Coastal" "Suffolk"
609 "Suffolk" "19.2" 2013 "E07000206" "Waveney" "Suffolk"
611 "Luton" "18.4" 2013 "E06000032" "Luton UA" "Bedforshire"
612 "Buckinghamshire" "18.4" 2013 "E07000004" "Aylesbury Vale" "Buckinghamshire"
612 "Buckinghamshire" "18.4" 2013 "E07000005" "Chiltern" "Buckinghamshire"
612 "Buckinghamshire" "18.4" 2013 "E07000006" "South Bucks" "Buckinghamshire"
612 "Buckinghamshire" "18.4" 2013 "E07000007" "Wycombe" "Buckinghamshire"
613 "Milton Keynes" "18.6" 2013 "E06000042" "Milton Keynes UA" "Buckinghamshire"
614 "Bracknell Forest" "18.7" 2013 "E06000036" "Bracknell Forest UA" "Berkshire"
615 "West Berkshire" "18.3" 2013 "E06000037" "West Berkshire UA" "Berkshire"
616 "Reading" "19.0" 2013 "E06000038" "Reading UA" "Berkshire"
617 "Slough" ".." 2013 "E06000039" "Slough UA" "Berkshire"
618 "Windsor and Maidenhead" "19.0" 2013 "E06000040" "Windsor and Maidenhead UA" "Berkshire"
619 "Wokingham" "19.3" 2013 "E06000041" "Wokingham UA" "Berkshire"
620 "Essex" "18.5" 2013 "E07000066" "Basildon" "Essex"
620 "Essex" "18.5" 2013 "E07000067" "Braintree" "Essex"
620 "Essex" "18.5" 2013 "E07000068" "Brentwood" "Essex"
620 "Essex" "18.5" 2013 "E07000069" "Castle Point" "Essex"
620 "Essex" "18.5" 2013 "E07000070" "Chelmsford" "Essex"
620 "Essex" "18.5" 2013 "E07000071" "Colchester" "Essex"
620 "Essex" "18.5" 2013 "E07000072" "Epping Forest" "Essex"
620 "Essex" "18.5" 2013 "E07000073" "Harlow" "Essex"
620 "Essex" "18.5" 2013 "E07000074" "Maldon" "Essex"
620 "Essex" "18.5" 2013 "E07000075" "Rochford" "Essex"
620 "Essex" "18.5" 2013 "E07000076" "Tendring" "Essex"
620 "Essex" "18.5" 2013 "E07000077" "Uttlesford" "Essex"
621 "Southend-on-Sea" "19.1" 2013 "E06000033" "Southend-on-Sea UA" "Essex"
622 "Thurrock" "18.7" 2013 "E06000034" "Thurrock UA" "Essex"
623 "Cambridgeshire" "18.8" 2013 "E07000008" "Cambridge" "Cambridgeshire"
623 "Cambridgeshire" "18.8" 2013 "E07000009" "East Cambridgeshire" "Cambridgeshire"
623 "Cambridgeshire" "18.8" 2013 "E07000010" "Fenland" "Cambridgeshire"
623 "Cambridgeshire" "18.8" 2013 "E07000011" "Huntingdonshire" "Cambridgeshire"
623 "Cambridgeshire" "18.8" 2013 "E07000012" "South Cambridgeshire" "Cambridgeshire"
624 "Peterborough" "19.0" 2013 "E06000031" "Peterborough UA" "Cambridgeshire"
625 "Bedford" "18.4" 2013 "E06000055" "Bedford UA" "Bedforshire"
626 "Central Bedfordshire" "19.1" 2013 "E06000056" "Central Bedfordshire UA" "Bedforshire"
702 "Camden" "18.0" 2013 "E09000007" "Camden" "Greater London"
703 "Greenwich" "18.3" 2013 "E09000011" "Greenwich" "Greater London"
704 "Hackney" "17.9" 2013 "E09000012" "Hackney" "Greater London"
705 "Hammersmith and Fulham" "17.7" 2013 "E09000013" "Hammersmith and Fulham" "Greater London"
706 "Islington" "17.7" 2013 "E09000019" "Islington" "Greater London"
707 "Kensington and Chelsea" "18.1" 2013 "E09000020" "Kensington and Chelsea" "Greater London"
708 "Lambeth" "17.9" 2013 "E09000022" "Lambeth" "Greater London"
709 "Lewisham" "18.3" 2013 "E09000023" "Lewisham" "Greater London"
710 "Southwark" "18.0" 2013 "E09000028" "Southwark" "Greater London"
711 "Tower Hamlets" "18.0" 2013 "E09000030" "Tower Hamlets" "Greater London"
712 "Wandsworth" "19.0" 2013 "E09000032" "Wandsworth" "Greater London"
713 "Westminster" "18.3" 2013 "E09000033" "Westminster" "Greater London"
714 "City of London" ".." 2013 "E09000001" "City of London" "Greater London"
716 "Barking and Dagenham" "18.0" 2013 "E09000002" "Barking and Dagenham" "Greater London"
717 "Barnet" "18.6" 2013 "E09000003" "Barnet" "Greater London"
718 "Bexley" "18.9" 2013 "E09000004" "Bexley" "Greater London"
719 "Brent" "17.6" 2013 "E09000005" "Brent" "Greater London"
720 "Bromley" "18.7" 2013 "E09000006" "Bromley" "Greater London"
721 "Croydon" "18.2" 2013 "E09000008" "Croydon" "Greater London"
722 "Ealing" "18.0" 2013 "E09000009" "Ealing" "Greater London"
723 "Enfield" "18.6" 2013 "E09000010" "Enfield" "Greater London"
724 "Haringey" "17.8" 2013 "E09000014" "Haringey" "Greater London"
725 "Harrow" "18.3" 2013 "E09000015" "Harrow" "Greater London"
726 "Havering" "18.4" 2013 "E09000016" "Havering" "Greater London"
727 "Hillingdon" "18.1" 2013 "E09000017" "Hillingdon" "Greater London"
728 "Hounslow" "17.9" 2013 "E09000018" "Hounslow" "Greater London"
729 "Kingston upon Thames" "18.7" 2013 "E09000021" "Kingston upon Thames" "Greater London"
730 "Merton" "17.9" 2013 "E09000024" "Merton" "Greater London"
731 "Newham" "18.5" 2013 "E09000025" "Newham" "Greater London"
732 "Redbridge" "19.6" 2013 "E09000026" "Redbridge" "Greater London"
733 "Richmond upon Thames" "19.5" 2013 "E09000027" "Richmond upon Thames" "Greater London"
734 "Sutton" "19.1" 2013 "E09000029" "Sutton" "Greater London"
735 "Waltham Forest" "17.8" 2013 "E09000031" "Waltham Forest" "Greater London"
803 "Isle of Wight" "19.5" 2013 "E06000046" "Isle of Wight UA" "Isle of Wight"
805 "Surrey" "19.2" 2013 "E07000207" "Elmbridge" "Surrey"
805 "Surrey" "19.2" 2013 "E07000208" "Epsom and Ewell" "Surrey"
805 "Surrey" "19.2" 2013 "E07000209" "Guildford" "Surrey"
805 "Surrey" "19.2" 2013 "E07000210" "Mole Valley" "Surrey"
805 "Surrey" "19.2" 2013 "E07000211" "Reigate and Banstead" "Surrey"
805 "Surrey" "19.2" 2013 "E07000212" "Runnymede" "Surrey"
805 "Surrey" "19.2" 2013 "E07000213" "Spelthorne" "Surrey"
805 "Surrey" "19.2" 2013 "E07000214" "Surrey Heath" "Surrey"
805 "Surrey" "19.2" 2013 "E07000215" "Tandridge" "Surrey"
805 "Surrey" "19.2" 2013 "E07000216" "Waverley" "Surrey"
805 "Surrey" "19.2" 2013 "E07000217" "Woking" "Surrey"
807 "West Sussex" "19.3" 2013 "E07000223" "Adur" "West Sussex"
807 "West Sussex" "19.3" 2013 "E07000224" "Arun" "West Sussex"
807 "West Sussex" "19.3" 2013 "E07000225" "Chichester" "West Sussex"
807 "West Sussex" "19.3" 2013 "E07000226" "Crawley" "West Sussex"
807 "West Sussex" "19.3" 2013 "E07000227" "Horsham" "West Sussex"
807 "West Sussex" "19.3" 2013 "E07000228" "Mid Sussex" "West Sussex"
807 "West Sussex" "19.3" 2013 "E07000229" "Worthing" "West Sussex"
809 "Dorset" "18.8" 2013 "E07000048" "Christchurch" "Dorset"
809 "Dorset" "18.8" 2013 "E07000049" "East Dorset" "Dorset"
809 "Dorset" "18.8" 2013 "E07000050" "North Dorset" "Dorset"
809 "Dorset" "18.8" 2013 "E07000051" "Purbeck" "Dorset"
809 "Dorset" "18.8" 2013 "E07000052" "West Dorset" "Dorset"
809 "Dorset" "18.8" 2013 "E07000053" "Weymouth and Portland" "Dorset"
810 "Bournemouth" "18.8" 2013 "E06000028" "Bournemouth UA" "Dorset"
811 "Poole" "19.0" 2013 "E06000029" "Poole UA" "Dorset"
812 "Hampshire" "19.4" 2013 "E07000086" "Eastleigh" "Hampshire"
812 "Hampshire" "19.4" 2013 "E07000087" "Fareham" "Hampshire"
812 "Hampshire" "19.4" 2013 "E07000088" "Gosport" "Hampshire"
812 "Hampshire" "19.4" 2013 "E07000089" "Hart" "Hampshire"
812 "Hampshire" "19.4" 2013 "E07000090" "Havant" "Hampshire"
812 "Hampshire" "19.4" 2013 "E07000091" "New Forest" "Hampshire"
812 "Hampshire" "19.4" 2013 "E07000092" "Rushmoor" "Hampshire"
812 "Hampshire" "19.4" 2013 "E07000093" "Test Valley" "Hampshire"
812 "Hampshire" "19.4" 2013 "E07000094" "Winchester" "Hampshire"
812 "Hampshire" "19.4" 2013 "E07000084" "Basingstoke and Deane" "Hampshire"
812 "Hampshire" "19.4" 2013 "E07000085" "East Hampshire" "Hampshire"
813 "Portsmouth" "19.1" 2013 "E06000044" "Portsmouth UA" "Hampshire"
814 "Southampton" "18.5" 2013 "E06000045" "Southampton UA" "Hampshire"
815 "East Sussex" "18.9" 2013 "E07000061" "Eastbourne" "East Sussex"
815 "East Sussex" "18.9" 2013 "E07000062" "Hastings" "East Sussex"
815 "East Sussex" "18.9" 2013 "E07000063" "Lewes" "East Sussex"
815 "East Sussex" "18.9" 2013 "E07000064" "Rother" "East Sussex"
815 "East Sussex" "18.9" 2013 "E07000065" "Wealden" "East Sussex"
816 "Brighton and Hove" "19.5" 2013 "E06000043" "Brighton and Hove UA" "East Sussex"
817 "Wiltshire" "18.8" 2013 "E06000054" "Wiltshire UA" "Wiltshire"
819 "Swindon" "18.6" 2013 "E06000030" "Swindon UA" "Wiltshire"
820 "Kent" "18.8" 2013 "E07000105" "Ashford" "Kent"
820 "Kent" "18.8" 2013 "E07000106" "Canterbury" "Kent"
820 "Kent" "18.8" 2013 "E07000107" "Dartford" "Kent"
820 "Kent" "18.8" 2013 "E07000108" "Dover" "Kent"
820 "Kent" "18.8" 2013 "E07000109" "Gravesham" "Kent"
820 "Kent" "18.8" 2013 "E07000110" "Maidstone" "Kent"
820 "Kent" "18.8" 2013 "E07000111" "Sevenoaks" "Kent"
820 "Kent" "18.8" 2013 "E07000112" "Shepway" "Kent"
820 "Kent" "18.8" 2013 "E07000113" "Swale" "Kent"
820 "Kent" "18.8" 2013 "E07000114" "Thanet" "Kent"
820 "Kent" "18.8" 2013 "E07000115" "Tonbridge and Malling" "Kent"
820 "Kent" "18.8" 2013 "E07000116" "Tunbridge Wells" "Kent"
821 "Medway Towns" "19.1" 2013 "E06000035" "Medway UA" "Kent"
902 "Cornwall" "19.4" 2013 "E06000052" "Cornwall UA" "Cornwall and Scilly"
904 "Gloucestershire" "19.5" 2013 "E07000078" "Cheltenham" "Gloucestershire"
904 "Gloucestershire" "19.5" 2013 "E07000079" "Cotswold" "Gloucestershire"
904 "Gloucestershire" "19.5" 2013 "E07000080" "Forest of Dean" "Gloucestershire"
904 "Gloucestershire" "19.5" 2013 "E07000081" "Gloucester" "Gloucestershire"
904 "Gloucestershire" "19.5" 2013 "E07000082" "Stroud" "Gloucestershire"
904 "Gloucestershire" "19.5" 2013 "E07000083" "Tewkesbury" "Gloucestershire"
905 "Somerset" "19.3" 2013 "E07000187" "Mendip" "Somerset"
905 "Somerset" "19.3" 2013 "E07000188" "Sedgemoor" "Somerset"
905 "Somerset" "19.3" 2013 "E07000189" "South Somerset" "Somerset"
905 "Somerset" "19.3" 2013 "E07000190" "Taunton Deane" "Somerset"
905 "Somerset" "19.3" 2013 "E07000191" "West Somerset" "Somerset"
906 "Isles of Scilly" ".." 2013 "E06000053" "Isles of Scilly UA" "Cornwall and Scilly"
908 "Bath and North East Somerset" "18.8" 2013 "E06000022" "Bath and North East Somerset UA" "Somerset"
909 "Bristol" "18.5" 2013 "E06000023" "Bristol, City of UA" "Bristol"
910 "North Somerset" "19.2" 2013 "E06000024" "North Somerset UA" "Somerset"
911 "South Gloucestershire" "19.6" 2013 "E06000025" "South Gloucestershire UA" "Gloucestershire"
912 "Devon" "18.7" 2013 "E07000040" "East Devon" "Devon"
912 "Devon" "18.7" 2013 "E07000041" "Exeter" "Devon"
912 "Devon" "18.7" 2013 "E07000042" "Mid Devon" "Devon"
912 "Devon" "18.7" 2013 "E07000043" "North Devon" "Devon"
912 "Devon" "18.7" 2013 "E07000044" "South Hams" "Devon"
912 "Devon" "18.7" 2013 "E07000045" "Teignbridge" "Devon"
912 "Devon" "18.7" 2013 "E07000046" "Torridge" "Devon"
912 "Devon" "18.7" 2013 "E07000047" "West Devon" "Devon"
913 "Plymouth" "19.4" 2013 "E06000026" "Plymouth UA" "Devon"
914 "Torbay" "18.6" 2013 "E06000027" "Torbay UA" "Devon"
102 "Cumbria" "19.6" 2014 "E07000026" "Allerdale" "Cumbria"
102 "Cumbria" "19.6" 2014 "E07000027" "Barrow-in-Furness" "Cumbria"
102 "Cumbria" "19.6" 2014 "E07000028" "Carlisle" "Cumbria"
102 "Cumbria" "19.6" 2014 "E07000029" "Copeland" "Cumbria"
102 "Cumbria" "19.6" 2014 "E07000030" "Eden" "Cumbria"
102 "Cumbria" "19.6" 2014 "E07000031" "South Lakeland" "Cumbria"
104 "Northumberland" "19.6" 2014 "E06000048" "Northumberland UA" "Northumberland"
106 "Gateshead" "19.2" 2014 "E08000020" "Gateshead" "Tyne and Wear"
107 "Newcastle upon Tyne" "19.3" 2014 "E08000021" "Newcastle upon Tyne" "Tyne and Wear"
108 "North Tyneside" "19.5" 2014 "E08000022" "North Tyneside" "Tyne and Wear"
109 "South Tyneside" "19.2" 2014 "E08000023" "South Tyneside" "Tyne and Wear"
110 "Sunderland" "19.6" 2014 "E08000024" "Sunderland" "Tyne and Wear"
111 "Hartlepool" "19.2" 2014 "E06000001" "Hartlepool UA" "Durham"
112 "Middlesbrough" "19.6" 2014 "E06000002" "Middlesbrough UA" "North Yorkshire"
113 "Redcar and Cleveland" "18.7" 2014 "E06000003" "Redcar and Cleveland UA" "North Yorkshire"
114 "Stockton-on-Tees" "19.1" 2014 "E06000004" "Stockton-on-Tees UA" "Durham"
116 "Durham" "19.5" 2014 "E06000047" "County Durham UA" "Durham"
117 "Darlington" "19.0" 2014 "E06000005" "Darlington UA" "Durham"
204 "Barnsley" "19.0" 2014 "E08000016" "Barnsley" "South Yorkshire"
205 "Doncaster" "18.5" 2014 "E08000017" "Doncaster" "South Yorkshire"
206 "Rotherham" "19.4" 2014 "E08000018" "Rotherham" "South Yorkshire"
207 "Sheffield" "18.5" 2014 "E08000019" "Sheffield" "South Yorkshire"
209 "Bradford" "19.1" 2014 "E08000032" "Bradford" "West Yorkshire"
210 "Calderdale" "18.9" 2014 "E08000033" "Calderdale" "West Yorkshire"
211 "Kirklees" "18.8" 2014 "E08000034" "Kirklees" "West Yorkshire"
212 "Leeds" "18.8" 2014 "E08000035" "Leeds" "West Yorkshire"
213 "Wakefield" "19.0" 2014 "E08000036" "Wakefield" "West Yorkshire"
214 "East Riding of Yorkshire" "19.4" 2014 "E06000011" "East Riding of Yorkshire UA" "East Riding of Yorkshire"
215 "Kingston upon Hull" "19.3" 2014 "E06000010" "Kingston upon Hull, City of UA" "East Riding of Yorkshire"
216 "North East Lincolnshire" "19.2" 2014 "E06000012" "North East Lincolnshire UA" "Lincolnshire"
217 "North Lincolnshire" "19.3" 2014 "E06000013" "North Lincolnshire UA" "Lincolnshire"
218 "North Yorkshire" "18.9" 2014 "E07000163" "Craven" "North Yorkshire"
218 "North Yorkshire" "18.9" 2014 "E07000164" "Hambleton" "North Yorkshire"
218 "North Yorkshire" "18.9" 2014 "E07000165" "Harrogate" "North Yorkshire"
218 "North Yorkshire" "18.9" 2014 "E07000166" "Richmondshire" "North Yorkshire"
218 "North Yorkshire" "18.9" 2014 "E07000167" "Ryedale" "North Yorkshire"
218 "North Yorkshire" "18.9" 2014 "E07000168" "Scarborough" "North Yorkshire"
218 "North Yorkshire" "18.9" 2014 "E07000169" "Selby" "North Yorkshire"
219 "York" "18.8" 2014 "E06000014" "York UA" "North Yorkshire"
304 "Bolton" "18.6" 2014 "E08000001" "Bolton" "Greater Manchester"
305 "Bury" "19.1" 2014 "E08000002" "Bury" "Greater Manchester"
306 "Manchester" "18.4" 2014 "E08000003" "Manchester" "Greater Manchester"
307 "Oldham" "19.6" 2014 "E08000004" "Oldham" "Greater Manchester"
308 "Rochdale" "18.7" 2014 "E08000005" "Rochdale" "Greater Manchester"
309 "Salford" "18.2" 2014 "E08000006" "Salford" "Greater Manchester"
310 "Stockport" "18.9" 2014 "E08000007" "Stockport" "Greater Manchester"
311 "Tameside" "18.4" 2014 "E08000008" "Tameside" "Greater Manchester"
312 "Trafford" "18.9" 2014 "E08000009" "Trafford" "Greater Manchester"
313 "Wigan" "18.6" 2014 "E08000010" "Wigan" "Greater Manchester"
315 "Knowsley" "19.3" 2014 "E08000011" "Knowsley" "Merseyside"
316 "Liverpool" "19.0" 2014 "E08000012" "Liverpool" "Merseyside"
317 "Sefton" "19.0" 2014 "E08000014" "Sefton" "Merseyside"
318 "St. Helens" "19.4" 2014 "E08000013" "St. Helens" "Merseyside"
319 "Wirral" "19.4" 2014 "E08000015" "Wirral" "Merseyside"
321 "Halton" "19.4" 2014 "E06000006" "Halton UA" "Cheshire"
322 "Warrington" "19.3" 2014 "E06000007" "Warrington UA" "Cheshire"
323 "Lancashire" "19.1" 2014 "E07000117" "Burnley" "Lancashire"
323 "Lancashire" "19.1" 2014 "E07000118" "Chorley" "Lancashire"
323 "Lancashire" "19.1" 2014 "E07000119" "Fylde" "Lancashire"
323 "Lancashire" "19.1" 2014 "E07000120" "Hyndburn" "Lancashire"
323 "Lancashire" "19.1" 2014 "E07000121" "Lancaster" "Lancashire"
323 "Lancashire" "19.1" 2014 "E07000122" "Pendle" "Lancashire"
323 "Lancashire" "19.1" 2014 "E07000123" "Preston" "Lancashire"
323 "Lancashire" "19.1" 2014 "E07000124" "Ribble Valley" "Lancashire"
323 "Lancashire" "19.1" 2014 "E07000125" "Rossendale" "Lancashire"
323 "Lancashire" "19.1" 2014 "E07000126" "South Ribble" "Lancashire"
323 "Lancashire" "19.1" 2014 "E07000127" "West Lancashire" "Lancashire"
323 "Lancashire" "19.1" 2014 "E07000128" "Wyre" "Lancashire"
324 "Blackburn with Darwen" "20.5" 2014 "E06000008" "Blackburn with Darwen UA" "Lancashire"
325 "Blackpool" "19.0" 2014 "E06000009" "Blackpool UA" "Lancashire"
326 "Cheshire East" "19.1" 2014 "E06000049" "Cheshire East UA" "Cheshire"
327 "Cheshire West & Chester" "19.2" 2014 NA NA NA
404 "Warwickshire" "18.8" 2014 "E07000218" "North Warwickshire" "Warwickshire"
404 "Warwickshire" "18.8" 2014 "E07000219" "Nuneaton and Bedworth" "Warwickshire"
404 "Warwickshire" "18.8" 2014 "E07000220" "Rugby" "Warwickshire"
404 "Warwickshire" "18.8" 2014 "E07000221" "Stratford-on-Avon" "Warwickshire"
404 "Warwickshire" "18.8" 2014 "E07000222" "Warwick" "Warwickshire"
406 "Birmingham" "18.7" 2014 "E08000025" "Birmingham" "West Midlands"
407 "Coventry" "19.2" 2014 "E08000026" "Coventry" "West Midlands"
408 "Dudley" "19.4" 2014 "E08000027" "Dudley" "West Midlands"
409 "Sandwell" "19.2" 2014 "E08000028" "Sandwell" "West Midlands"
410 "Solihull" "18.5" 2014 "E08000029" "Solihull" "West Midlands"
411 "Walsall" "19.1" 2014 "E08000030" "Walsall" "West Midlands"
412 "Wolverhampton" "19.4" 2014 "E08000031" "Wolverhampton" "West Midlands"
413 "Staffordshire" "18.7" 2014 "E07000192" "Cannock Chase" "Staffordshire"
413 "Staffordshire" "18.7" 2014 "E07000193" "East Staffordshire" "Staffordshire"
413 "Staffordshire" "18.7" 2014 "E07000194" "Lichfield" "Staffordshire"
413 "Staffordshire" "18.7" 2014 "E07000195" "Newcastle-under-Lyme" "Staffordshire"
413 "Staffordshire" "18.7" 2014 "E07000196" "South Staffordshire" "Staffordshire"
413 "Staffordshire" "18.7" 2014 "E07000197" "Stafford" "Staffordshire"
413 "Staffordshire" "18.7" 2014 "E07000198" "Staffordshire Moorlands" "Staffordshire"
413 "Staffordshire" "18.7" 2014 "E07000199" "Tamworth" "Staffordshire"
414 "Stoke-on-Trent" "18.6" 2014 "E06000021" "Stoke-on-Trent UA" "Staffordshire"
415 "Herefordshire" "19.1" 2014 "E06000019" "Herefordshire, County of UA" "Hereforshire"
416 "Worcestershire" "19.2" 2014 "E07000234" "Bromsgrove" "Worcestershire"
416 "Worcestershire" "19.2" 2014 "E07000235" "Malvern Hills" "Worcestershire"
416 "Worcestershire" "19.2" 2014 "E07000236" "Redditch" "Worcestershire"
416 "Worcestershire" "19.2" 2014 "E07000237" "Worcester" "Worcestershire"
416 "Worcestershire" "19.2" 2014 "E07000238" "Wychavon" "Worcestershire"
416 "Worcestershire" "19.2" 2014 "E07000239" "Wyre Forest" "Worcestershire"
417 "Shropshire" "18.5" 2014 "E06000051" "Shropshire UA" "Shropshire"
418 "Telford and the Wrekin" "18.9" 2014 "E06000020" "Telford and Wrekin UA" "Shropshire"
503 "Lincolnshire" "18.7" 2014 "E07000136" "Boston" "Lincolnshire"
503 "Lincolnshire" "18.7" 2014 "E07000137" "East Lindsey" "Lincolnshire"
503 "Lincolnshire" "18.7" 2014 "E07000138" "Lincoln" "Lincolnshire"
503 "Lincolnshire" "18.7" 2014 "E07000139" "North Kesteven" "Lincolnshire"
503 "Lincolnshire" "18.7" 2014 "E07000140" "South Holland" "Lincolnshire"
503 "Lincolnshire" "18.7" 2014 "E07000141" "South Kesteven" "Lincolnshire"
503 "Lincolnshire" "18.7" 2014 "E07000142" "West Lindsey" "Lincolnshire"
504 "Northamptonshire" "19.1" 2014 "E07000150" "Corby" "Northamptonshire"
504 "Northamptonshire" "19.1" 2014 "E07000151" "Daventry" "Northamptonshire"
504 "Northamptonshire" "19.1" 2014 "E07000152" "East Northamptonshire" "Northamptonshire"
504 "Northamptonshire" "19.1" 2014 "E07000153" "Kettering" "Northamptonshire"
504 "Northamptonshire" "19.1" 2014 "E07000154" "Northampton" "Northamptonshire"
504 "Northamptonshire" "19.1" 2014 "E07000155" "South Northamptonshire" "Northamptonshire"
504 "Northamptonshire" "19.1" 2014 "E07000156" "Wellingborough" "Northamptonshire"
506 "Derbyshire" "18.9" 2014 "E07000032" "Amber Valley" "Derbyshire"
506 "Derbyshire" "18.9" 2014 "E07000033" "Bolsover" "Derbyshire"
506 "Derbyshire" "18.9" 2014 "E07000034" "Chesterfield" "Derbyshire"
506 "Derbyshire" "18.9" 2014 "E07000035" "Derbyshire Dales" "Derbyshire"
506 "Derbyshire" "18.9" 2014 "E07000036" "Erewash" "Derbyshire"
506 "Derbyshire" "18.9" 2014 "E07000037" "High Peak" "Derbyshire"
506 "Derbyshire" "18.9" 2014 "E07000038" "North East Derbyshire" "Derbyshire"
506 "Derbyshire" "18.9" 2014 "E07000039" "South Derbyshire" "Derbyshire"
507 "Derby" "19.5" 2014 "E06000015" "Derby UA" "Derbyshire"
508 "Leicestershire" "19.0" 2014 "E07000129" "Blaby" "Leicestershire"
508 "Leicestershire" "19.0" 2014 "E07000130" "Charnwood" "Leicestershire"
508 "Leicestershire" "19.0" 2014 "E07000131" "Harborough" "Leicestershire"
508 "Leicestershire" "19.0" 2014 "E07000132" "Hinckley and Bosworth" "Leicestershire"
508 "Leicestershire" "19.0" 2014 "E07000133" "Melton" "Leicestershire"
508 "Leicestershire" "19.0" 2014 "E07000134" "North West Leicestershire" "Leicestershire"
508 "Leicestershire" "19.0" 2014 "E07000135" "Oadby and Wigston" "Leicestershire"
509 "Leicester" "18.3" 2014 "E06000016" "Leicester UA" "Leicestershire"
510 "Rutland" "18.9" 2014 "E06000017" "Rutland UA" "Rutland"
511 "Nottinghamshire" "18.9" 2014 "E07000170" "Ashfield" "Nottinghamshire"
511 "Nottinghamshire" "18.9" 2014 "E07000171" "Bassetlaw" "Nottinghamshire"
511 "Nottinghamshire" "18.9" 2014 "E07000172" "Broxtowe" "Nottinghamshire"
511 "Nottinghamshire" "18.9" 2014 "E07000173" "Gedling" "Nottinghamshire"
511 "Nottinghamshire" "18.9" 2014 "E07000174" "Mansfield" "Nottinghamshire"
511 "Nottinghamshire" "18.9" 2014 "E07000175" "Newark and Sherwood" "Nottinghamshire"
511 "Nottinghamshire" "18.9" 2014 "E07000176" "Rushcliffe" "Nottinghamshire"
512 "Nottingham" "18.8" 2014 "E06000018" "Nottingham UA" "Nottinghamshire"
606 "Hertfordshire" "18.7" 2014 "E07000095" "Broxbourne" "Hertfordshire"
606 "Hertfordshire" "18.7" 2014 "E07000096" "Dacorum" "Hertfordshire"
606 "Hertfordshire" "18.7" 2014 "E07000097" "East Hertfordshire" "Hertfordshire"
606 "Hertfordshire" "18.7" 2014 "E07000098" "Hertsmere" "Hertfordshire"
606 "Hertfordshire" "18.7" 2014 "E07000099" "North Hertfordshire" "Hertfordshire"
606 "Hertfordshire" "18.7" 2014 "E07000100" "St Albans" "Hertfordshire"
606 "Hertfordshire" "18.7" 2014 "E07000101" "Stevenage" "Hertfordshire"
606 "Hertfordshire" "18.7" 2014 "E07000102" "Three Rivers" "Hertfordshire"
606 "Hertfordshire" "18.7" 2014 "E07000103" "Watford" "Hertfordshire"
606 "Hertfordshire" "18.7" 2014 "E07000104" "Welwyn Hatfield" "Hertfordshire"
607 "Norfolk" "19.6" 2014 "E07000143" "Breckland" "Norfolk"
607 "Norfolk" "19.6" 2014 "E07000144" "Broadland" "Norfolk"
607 "Norfolk" "19.6" 2014 "E07000145" "Great Yarmouth" "Norfolk"
607 "Norfolk" "19.6" 2014 "E07000146" "King’s Lynn and West Norfolk" "Norfolk"
607 "Norfolk" "19.6" 2014 "E07000147" "North Norfolk" "Norfolk"
607 "Norfolk" "19.6" 2014 "E07000148" "Norwich" "Norfolk"
607 "Norfolk" "19.6" 2014 "E07000149" "South Norfolk" "Norfolk"
608 "Oxfordshire" "19.3" 2014 "E07000177" "Cherwell" "Oxfordshire"
608 "Oxfordshire" "19.3" 2014 "E07000178" "Oxford" "Oxfordshire"
608 "Oxfordshire" "19.3" 2014 "E07000179" "South Oxfordshire" "Oxfordshire"
608 "Oxfordshire" "19.3" 2014 "E07000180" "Vale of White Horse" "Oxfordshire"
608 "Oxfordshire" "19.3" 2014 "E07000181" "West Oxfordshire" "Oxfordshire"
609 "Suffolk" "19.0" 2014 "E07000200" "Babergh" "Suffolk"
609 "Suffolk" "19.0" 2014 "E07000201" "Forest Heath" "Suffolk"
609 "Suffolk" "19.0" 2014 "E07000202" "Ipswich" "Suffolk"
609 "Suffolk" "19.0" 2014 "E07000203" "Mid Suffolk" "Suffolk"
609 "Suffolk" "19.0" 2014 "E07000204" "St Edmundsbury" "Suffolk"
609 "Suffolk" "19.0" 2014 "E07000205" "Suffolk Coastal" "Suffolk"
609 "Suffolk" "19.0" 2014 "E07000206" "Waveney" "Suffolk"
611 "Luton" "18.9" 2014 "E06000032" "Luton UA" "Bedforshire"
612 "Buckinghamshire" "18.2" 2014 "E07000004" "Aylesbury Vale" "Buckinghamshire"
612 "Buckinghamshire" "18.2" 2014 "E07000005" "Chiltern" "Buckinghamshire"
612 "Buckinghamshire" "18.2" 2014 "E07000006" "South Bucks" "Buckinghamshire"
612 "Buckinghamshire" "18.2" 2014 "E07000007" "Wycombe" "Buckinghamshire"
613 "Milton Keynes" "18.9" 2014 "E06000042" "Milton Keynes UA" "Buckinghamshire"
614 "Bracknell Forest" "18.8" 2014 "E06000036" "Bracknell Forest UA" "Berkshire"
615 "West Berkshire" "18.8" 2014 "E06000037" "West Berkshire UA" "Berkshire"
616 "Reading" "19.3" 2014 "E06000038" "Reading UA" "Berkshire"
617 "Slough" "18.4" 2014 "E06000039" "Slough UA" "Berkshire"
618 "Windsor and Maidenhead" "18.8" 2014 "E06000040" "Windsor and Maidenhead UA" "Berkshire"
619 "Wokingham" "19.2" 2014 "E06000041" "Wokingham UA" "Berkshire"
620 "Essex" "18.4" 2014 "E07000066" "Basildon" "Essex"
620 "Essex" "18.4" 2014 "E07000067" "Braintree" "Essex"
620 "Essex" "18.4" 2014 "E07000068" "Brentwood" "Essex"
620 "Essex" "18.4" 2014 "E07000069" "Castle Point" "Essex"
620 "Essex" "18.4" 2014 "E07000070" "Chelmsford" "Essex"
620 "Essex" "18.4" 2014 "E07000071" "Colchester" "Essex"
620 "Essex" "18.4" 2014 "E07000072" "Epping Forest" "Essex"
620 "Essex" "18.4" 2014 "E07000073" "Harlow" "Essex"
620 "Essex" "18.4" 2014 "E07000074" "Maldon" "Essex"
620 "Essex" "18.4" 2014 "E07000075" "Rochford" "Essex"
620 "Essex" "18.4" 2014 "E07000076" "Tendring" "Essex"
620 "Essex" "18.4" 2014 "E07000077" "Uttlesford" "Essex"
621 "Southend-on-Sea" "18.8" 2014 "E06000033" "Southend-on-Sea UA" "Essex"
622 "Thurrock" "18.5" 2014 "E06000034" "Thurrock UA" "Essex"
623 "Cambridgeshire" "19.2" 2014 "E07000008" "Cambridge" "Cambridgeshire"
623 "Cambridgeshire" "19.2" 2014 "E07000009" "East Cambridgeshire" "Cambridgeshire"
623 "Cambridgeshire" "19.2" 2014 "E07000010" "Fenland" "Cambridgeshire"
623 "Cambridgeshire" "19.2" 2014 "E07000011" "Huntingdonshire" "Cambridgeshire"
623 "Cambridgeshire" "19.2" 2014 "E07000012" "South Cambridgeshire" "Cambridgeshire"
624 "Peterborough" "18.9" 2014 "E06000031" "Peterborough UA" "Cambridgeshire"
625 "Bedford" "18.9" 2014 "E06000055" "Bedford UA" "Bedforshire"
626 "Central Bedfordshire" "18.8" 2014 "E06000056" "Central Bedfordshire UA" "Bedforshire"
702 "Camden" "18.3" 2014 "E09000007" "Camden" "Greater London"
703 "Greenwich" "18.6" 2014 "E09000011" "Greenwich" "Greater London"
704 "Hackney" "17.8" 2014 "E09000012" "Hackney" "Greater London"
705 "Hammersmith and Fulham" "18.5" 2014 "E09000013" "Hammersmith and Fulham" "Greater London"
706 "Islington" "18.4" 2014 "E09000019" "Islington" "Greater London"
707 "Kensington and Chelsea" "18.3" 2014 "E09000020" "Kensington and Chelsea" "Greater London"
708 "Lambeth" "18.1" 2014 "E09000022" "Lambeth" "Greater London"
709 "Lewisham" "18.6" 2014 "E09000023" "Lewisham" "Greater London"
710 "Southwark" "18.2" 2014 "E09000028" "Southwark" "Greater London"
711 "Tower Hamlets" "18.5" 2014 "E09000030" "Tower Hamlets" "Greater London"
712 "Wandsworth" "18.6" 2014 "E09000032" "Wandsworth" "Greater London"
713 "Westminster" "18.6" 2014 "E09000033" "Westminster" "Greater London"
714 "City of London" ".." 2014 "E09000001" "City of London" "Greater London"
716 "Barking and Dagenham" "19.2" 2014 "E09000002" "Barking and Dagenham" "Greater London"
717 "Barnet" "18.7" 2014 "E09000003" "Barnet" "Greater London"
718 "Bexley" "18.4" 2014 "E09000004" "Bexley" "Greater London"
719 "Brent" "17.8" 2014 "E09000005" "Brent" "Greater London"
720 "Bromley" "18.4" 2014 "E09000006" "Bromley" "Greater London"
721 "Croydon" "18.7" 2014 "E09000008" "Croydon" "Greater London"
722 "Ealing" "18.2" 2014 "E09000009" "Ealing" "Greater London"
723 "Enfield" "18.4" 2014 "E09000010" "Enfield" "Greater London"
724 "Haringey" "18.3" 2014 "E09000014" "Haringey" "Greater London"
725 "Harrow" "18.2" 2014 "E09000015" "Harrow" "Greater London"
726 "Havering" "18.6" 2014 "E09000016" "Havering" "Greater London"
727 "Hillingdon" "18.6" 2014 "E09000017" "Hillingdon" "Greater London"
728 "Hounslow" "17.8" 2014 "E09000018" "Hounslow" "Greater London"
729 "Kingston upon Thames" "18.7" 2014 "E09000021" "Kingston upon Thames" "Greater London"
730 "Merton" "18.8" 2014 "E09000024" "Merton" "Greater London"
731 "Newham" "18.9" 2014 "E09000025" "Newham" "Greater London"
732 "Redbridge" "20.1" 2014 "E09000026" "Redbridge" "Greater London"
733 "Richmond upon Thames" "19.2" 2014 "E09000027" "Richmond upon Thames" "Greater London"
734 "Sutton" "18.6" 2014 "E09000029" "Sutton" "Greater London"
735 "Waltham Forest" "18.1" 2014 "E09000031" "Waltham Forest" "Greater London"
803 "Isle of Wight" "19.7" 2014 "E06000046" "Isle of Wight UA" "Isle of Wight"
805 "Surrey" "19.6" 2014 "E07000207" "Elmbridge" "Surrey"
805 "Surrey" "19.6" 2014 "E07000208" "Epsom and Ewell" "Surrey"
805 "Surrey" "19.6" 2014 "E07000209" "Guildford" "Surrey"
805 "Surrey" "19.6" 2014 "E07000210" "Mole Valley" "Surrey"
805 "Surrey" "19.6" 2014 "E07000211" "Reigate and Banstead" "Surrey"
805 "Surrey" "19.6" 2014 "E07000212" "Runnymede" "Surrey"
805 "Surrey" "19.6" 2014 "E07000213" "Spelthorne" "Surrey"
805 "Surrey" "19.6" 2014 "E07000214" "Surrey Heath" "Surrey"
805 "Surrey" "19.6" 2014 "E07000215" "Tandridge" "Surrey"
805 "Surrey" "19.6" 2014 "E07000216" "Waverley" "Surrey"
805 "Surrey" "19.6" 2014 "E07000217" "Woking" "Surrey"
807 "West Sussex" "19.1" 2014 "E07000223" "Adur" "West Sussex"
807 "West Sussex" "19.1" 2014 "E07000224" "Arun" "West Sussex"
807 "West Sussex" "19.1" 2014 "E07000225" "Chichester" "West Sussex"
807 "West Sussex" "19.1" 2014 "E07000226" "Crawley" "West Sussex"
807 "West Sussex" "19.1" 2014 "E07000227" "Horsham" "West Sussex"
807 "West Sussex" "19.1" 2014 "E07000228" "Mid Sussex" "West Sussex"
807 "West Sussex" "19.1" 2014 "E07000229" "Worthing" "West Sussex"
809 "Dorset" "18.5" 2014 "E07000048" "Christchurch" "Dorset"
809 "Dorset" "18.5" 2014 "E07000049" "East Dorset" "Dorset"
809 "Dorset" "18.5" 2014 "E07000050" "North Dorset" "Dorset"
809 "Dorset" "18.5" 2014 "E07000051" "Purbeck" "Dorset"
809 "Dorset" "18.5" 2014 "E07000052" "West Dorset" "Dorset"
809 "Dorset" "18.5" 2014 "E07000053" "Weymouth and Portland" "Dorset"
810 "Bournemouth" "19.2" 2014 "E06000028" "Bournemouth UA" "Dorset"
811 "Poole" "19.0" 2014 "E06000029" "Poole UA" "Dorset"
812 "Hampshire" "19.3" 2014 "E07000086" "Eastleigh" "Hampshire"
812 "Hampshire" "19.3" 2014 "E07000087" "Fareham" "Hampshire"
812 "Hampshire" "19.3" 2014 "E07000088" "Gosport" "Hampshire"
812 "Hampshire" "19.3" 2014 "E07000089" "Hart" "Hampshire"
812 "Hampshire" "19.3" 2014 "E07000090" "Havant" "Hampshire"
812 "Hampshire" "19.3" 2014 "E07000091" "New Forest" "Hampshire"
812 "Hampshire" "19.3" 2014 "E07000092" "Rushmoor" "Hampshire"
812 "Hampshire" "19.3" 2014 "E07000093" "Test Valley" "Hampshire"
812 "Hampshire" "19.3" 2014 "E07000094" "Winchester" "Hampshire"
812 "Hampshire" "19.3" 2014 "E07000084" "Basingstoke and Deane" "Hampshire"
812 "Hampshire" "19.3" 2014 "E07000085" "East Hampshire" "Hampshire"
813 "Portsmouth" "18.9" 2014 "E06000044" "Portsmouth UA" "Hampshire"
814 "Southampton" "18.6" 2014 "E06000045" "Southampton UA" "Hampshire"
815 "East Sussex" "19.3" 2014 "E07000061" "Eastbourne" "East Sussex"
815 "East Sussex" "19.3" 2014 "E07000062" "Hastings" "East Sussex"
815 "East Sussex" "19.3" 2014 "E07000063" "Lewes" "East Sussex"
815 "East Sussex" "19.3" 2014 "E07000064" "Rother" "East Sussex"
815 "East Sussex" "19.3" 2014 "E07000065" "Wealden" "East Sussex"
816 "Brighton and Hove" "19.7" 2014 "E06000043" "Brighton and Hove UA" "East Sussex"
817 "Wiltshire" "19.4" 2014 "E06000054" "Wiltshire UA" "Wiltshire"
819 "Swindon" "18.6" 2014 "E06000030" "Swindon UA" "Wiltshire"
820 "Kent" "19.0" 2014 "E07000105" "Ashford" "Kent"
820 "Kent" "19.0" 2014 "E07000106" "Canterbury" "Kent"
820 "Kent" "19.0" 2014 "E07000107" "Dartford" "Kent"
820 "Kent" "19.0" 2014 "E07000108" "Dover" "Kent"
820 "Kent" "19.0" 2014 "E07000109" "Gravesham" "Kent"
820 "Kent" "19.0" 2014 "E07000110" "Maidstone" "Kent"
820 "Kent" "19.0" 2014 "E07000111" "Sevenoaks" "Kent"
820 "Kent" "19.0" 2014 "E07000112" "Shepway" "Kent"
820 "Kent" "19.0" 2014 "E07000113" "Swale" "Kent"
820 "Kent" "19.0" 2014 "E07000114" "Thanet" "Kent"
820 "Kent" "19.0" 2014 "E07000115" "Tonbridge and Malling" "Kent"
820 "Kent" "19.0" 2014 "E07000116" "Tunbridge Wells" "Kent"
821 "Medway Towns" "18.8" 2014 "E06000035" "Medway UA" "Kent"
902 "Cornwall" "19.1" 2014 "E06000052" "Cornwall UA" "Cornwall and Scilly"
904 "Gloucestershire" "19.5" 2014 "E07000078" "Cheltenham" "Gloucestershire"
904 "Gloucestershire" "19.5" 2014 "E07000079" "Cotswold" "Gloucestershire"
904 "Gloucestershire" "19.5" 2014 "E07000080" "Forest of Dean" "Gloucestershire"
904 "Gloucestershire" "19.5" 2014 "E07000081" "Gloucester" "Gloucestershire"
904 "Gloucestershire" "19.5" 2014 "E07000082" "Stroud" "Gloucestershire"
904 "Gloucestershire" "19.5" 2014 "E07000083" "Tewkesbury" "Gloucestershire"
905 "Somerset" "19.3" 2014 "E07000187" "Mendip" "Somerset"
905 "Somerset" "19.3" 2014 "E07000188" "Sedgemoor" "Somerset"
905 "Somerset" "19.3" 2014 "E07000189" "South Somerset" "Somerset"
905 "Somerset" "19.3" 2014 "E07000190" "Taunton Deane" "Somerset"
905 "Somerset" "19.3" 2014 "E07000191" "West Somerset" "Somerset"
906 "Isles of Scilly" ".." 2014 "E06000053" "Isles of Scilly UA" "Cornwall and Scilly"
908 "Bath and North East Somerset" "19.3" 2014 "E06000022" "Bath and North East Somerset UA" "Somerset"
909 "Bristol" "18.3" 2014 "E06000023" "Bristol, City of UA" "Bristol"
910 "North Somerset" "19.1" 2014 "E06000024" "North Somerset UA" "Somerset"
911 "South Gloucestershire" "19.3" 2014 "E06000025" "South Gloucestershire UA" "Gloucestershire"
912 "Devon" "19.1" 2014 "E07000040" "East Devon" "Devon"
912 "Devon" "19.1" 2014 "E07000041" "Exeter" "Devon"
912 "Devon" "19.1" 2014 "E07000042" "Mid Devon" "Devon"
912 "Devon" "19.1" 2014 "E07000043" "North Devon" "Devon"
912 "Devon" "19.1" 2014 "E07000044" "South Hams" "Devon"
912 "Devon" "19.1" 2014 "E07000045" "Teignbridge" "Devon"
912 "Devon" "19.1" 2014 "E07000046" "Torridge" "Devon"
912 "Devon" "19.1" 2014 "E07000047" "West Devon" "Devon"
913 "Plymouth" "19.3" 2014 "E06000026" "Plymouth UA" "Devon"
914 "Torbay" "18.8" 2014 "E06000027" "Torbay UA" "Devon"
